key_id,origin,terminal_type,eligible,n_competitive,competitive_lsns,current_lsn,min_positive_gap
1,base,update-tail,1,4,1;2715;5727;6715,6715,988
2,base,update-tail,1,2,2;2061,2061,2059
3,base,update-tail,1,4,3;1625;2120;2537,2537,417
4,base,update-tail,1,2,4;1405,1405,1401
5,base,reinsert-tail,1,12,5;1318;2234;2416;2872;3354;3889;4041;5138;5172;5201;6914,6914,1713
6,base,delete-tail,0,2,6;4203,4203,4197
7,base,update-tail,1,5,7;3037;3459;4492;5968,5968,1476
8,base,update-tail,1,4,8;4193;6014;7332,7332,1318
9,base,update-tail,1,6,9;2311;2980;3815;6006;6860,6860,854
10,base,update-tail,1,10,10;1220;1864;2155;3165;3583;4775;4804;6338;6874,6874,536
11,base,update-tail,1,2,11;4539,4539,4528
12,base,update-tail,1,9,12;1388;1674;2231;2451;5469;5679;6109;6199,6199,90
13,base,update-tail,1,9,13;1270;3051;3473;3518;4314;5204;6210;6385,6385,175
14,base,update-tail,1,9,14;2441;3351;3911;4689;5021;6743;7179;7250,7250,71
15,base,update-tail,1,3,15;4625;6363,6363,1738
16,base,update-tail,1,5,16;1421;1782;1974;7379,7379,5405
17,base,delete-tail,0,4,17;2735;3874;4215,4215,341
18,base,update-tail,1,14,18;1738;1868;1876;2279;3762;3863;4681;5338;5414;5741;6111;6341;6952,6952,611
19,base,update-tail,1,10,19;1753;2031;2764;3560;4067;4213;6126;6132;6627,6627,495
20,base,update-tail,1,3,20;1611;2378,2378,767
21,base,update-tail,1,13,21;1690;1698;2232;2503;2654;3159;4702;4908;4911;6518;6536;6632,6632,96
22,base,update-tail,1,5,22;2248;2520;4610;5211,5211,601
23,base,update-tail,1,6,23;1541;2354;2792;6457;6510,6510,53
24,base,update-tail,1,3,24;1929;6103,6103,4174
25,base,update-tail,1,2,25;2338,2338,2313
26,base,update-tail,1,11,26;2230;2292;2363;2957;3872;4453;4709;5580;6022;6762,6762,740
27,base,update-tail,1,3,27;1273;2544,2544,1271
28,base,update-tail,1,4,28;1891;2546;2942,2942,396
29,base,delete-tail,0,5,29;3004;3870;4371;4473,4473,102
30,base,update-tail,1,8,30;3261;3546;3688;5508;5722;5930;7062,7062,1132
31,base,update-tail,1,2,31;1460,1460,1429
32,base,delete-tail,0,7,32;1746;2696;3428;4243;4953;5710,5710,757
33,base,update-tail,1,10,33;2164;3164;3817;4352;5039;5203;5355;6058;6978,6978,920
34,base,update-tail,1,2,34;2661,2661,2627
35,base,update-tail,1,2,35;6100,6100,6065
36,base,reinsert-tail,1,8,36;1916;2161;3007;3082;5522;5932;6975,6975,1043
37,base,update-tail,1,4,37;3042;5285;6410,6410,1125
38,base,update-tail,1,2,38;3904,3904,3866
39,base,update-tail,1,6,39;2542;2609;6618;6818;7067,7067,249
40,base,update-tail,1,4,40;1319;1645;3930,3930,2285
41,base,update-tail,1,3,41;4840;6041,6041,1201
42,base,update-tail,1,4,42;3020;4583;7186,7186,2603
43,base,update-tail,1,15,43;1788;1924;2457;3183;3274;3922;3995;4091;5078;5111;5412;5771;6271;6615,6615,344
44,base,update-tail,1,2,44;1652,1652,1608
45,base,update-tail,1,19,45;1416;1464;1474;1529;2224;2388;2392;2814;2882;3692;3720;3906;3914;4801;5427;5790;6063;7309,7309,1246
46,base,update-tail,1,13,46;2125;2319;2474;2701;3861;4706;4935;5239;5622;6087;6274;7395,7395,1121
47,base,update-tail,1,3,47;4254;5688,5688,1434
48,base,update-tail,1,3,48;4111;7236,7236,3125
49,base,update-tail,1,8,49;1205;1233;3695;4275;5683;6045;6381,6381,336
50,base,update-tail,1,4,50;2124;3846;6298,6298,2452
51,base,update-tail,1,3,51;2325;4175,4175,1850
52,base,update-tail,1,2,52;6925,6925,6873
53,base,update-tail,1,13,53;1805;1954;3105;3150;3494;4283;5102;5247;5731;5955;6420;6662,6662,242
54,base,delete-tail,0,8,54;2746;3333;3341;4346;5187;6284;6468,6468,184
55,base,update-tail,1,12,55;2396;2635;3415;3467;3875;4745;5359;5787;6300;7254;7268,7268,14
56,base,reinsert-tail,1,6,56;1394;2391;3590;5626;7329,7329,1703
57,base,update-tail,1,3,57;4002;5244,5244,1242
58,base,update-tail,1,6,58;2458;2809;3890;3931;7371,7371,3440
59,base,update-tail,1,4,59;3027;5163;6201,6201,1038
60,base,delete-tail,0,5,60;1898;2420;3626;3721,3721,95
61,base,update-tail,1,6,61;1264;2033;2383;3073;3948,3948,875
62,base,delete-tail,0,9,62;1872;1944;2014;2979;3366;3381;4313;4554,4554,241
63,base,update-tail,1,3,63;1694;2740,2740,1046
64,base,update-tail,1,7,64;2585;2643;3589;5222;6478;6825,6825,347
65,base,reinsert-tail,1,5,65;1669;2831;3263;6858,6858,3595
66,base,update-tail,1,10,66;1213;1281;1581;1785;2939;4145;4581;4980;7063,7063,2083
67,base,delete-tail,0,3,67;2972;3935,3935,963
68,base,update-tail,1,5,68;2545;3032;3665;4550,4550,885
69,base,update-tail,1,4,69;5008;5915;7168,7168,1253
70,base,update-tail,1,2,70;5659,5659,5589
71,base,update-tail,1,2,71;7057,7057,6986
72,base,update-tail,1,2,72;3188,3188,3116
73,base,delete-tail,0,13,73;1677;2068;2146;2580;2658;3350;3582;3797;3893;4070;4365;4951,4951,586
74,base,delete-tail,0,4,74;1462;2489;3390,3390,901
75,base,delete-tail,0,3,75;2794;3403,3403,609
76,base,delete-tail,0,6,76;3112;3857;4693;5750;6333,6333,583
77,base,update-tail,1,2,77;3322,3322,3245
78,base,update-tail,1,6,78;1933;3086;4149;4667;6649,6649,1982
79,base,update-tail,1,5,79;1635;3538;5314;6830,6830,1516
80,base,reinsert-tail,1,7,80;1505;1522;1578;2990;3684;6121,6121,2437
81,base,update-tail,1,2,81;3028,3028,2947
82,base,update-tail,1,12,82;1267;1311;1320;2316;2379;2870;3292;6248;6960;7171;7190,7190,19
83,base,delete-tail,0,6,83;1345;3000;3780;4558;6922,6922,2364
84,base,update-tail,1,2,84;5972,5972,5888
85,base,update-tail,1,3,85;5647;6170,6170,523
86,base,update-tail,1,4,86;4239;5184;6612,6612,1428
87,base,delete-tail,0,3,87;3047;5788,5788,2741
88,base,update-tail,1,5,88;2805;2860;4297;5635,5635,1338
89,base,update-tail,1,5,89;1572;1697;2273;3125,3125,852
90,base,update-tail,1,7,90;3554;4377;4899;5431;6050;6477,6477,427
91,base,update-tail,1,5,91;1519;1913;6317;7339,7339,1022
92,base,reinsert-tail,1,13,92;1392;1676;2147;3097;3343;4348;4551;4757;5707;6328;6520;7237,7237,717
93,base,update-tail,1,2,93;2096,2096,2003
94,base,update-tail,1,3,94;5115;6554,6554,1439
95,base,update-tail,1,3,95;4940;5910,5910,970
96,base,update-tail,1,4,96;1879;3443;5986,5986,2543
97,base,update-tail,1,2,97;1285,1285,1188
98,base,delete-tail,0,3,98;2026;5217,5217,3191
99,base,delete-tail,0,2,99;2339,2339,2240
100,base,update-tail,1,4,100;1789;4884;5252,5252,368
101,base,delete-tail,0,9,101;1830;2264;2348;3860;5058;5097;5142;6204,6204,1062
102,base,delete-tail,0,3,102;2723;4592,4592,1869
103,base,update-tail,1,5,103;2869;3703;6402;6595,6595,193
104,base,update-tail,1,2,104;6839,6839,6735
105,base,update-tail,1,9,105;1429;3446;4483;4659;4720;4923;6129;6900,6900,771
106,base,update-tail,1,3,106;2479;4767,4767,2288
107,base,delete-tail,0,2,107;1552,1552,1445
108,base,update-tail,1,6,108;1367;2596;3651;4260;4546,4546,286
109,base,update-tail,1,6,109;1755;2297;3102;3566;4308,4308,742
110,base,update-tail,1,5,110;4194;4538;6162;6180,6180,18
111,base,update-tail,1,3,111;5135;5939,5939,804
112,base,delete-tail,0,10,112;1244;1728;2305;4119;4400;5190;5608;5618;6181,6181,563
113,base,update-tail,1,8,113;1878;2229;2720;2998;3279;5404;5898,5898,494
114,base,update-tail,1,18,114;2245;2477;2672;2840;2875;2962;3616;3785;4913;5445;6159;6219;6425;6485;6569;6838;7400,7400,562
115,base,update-tail,1,6,115;1740;2360;5297;5686;6598,6598,912
116,base,update-tail,1,8,116;3392;3709;3738;3944;5505;6009;7364,7364,1355
117,base,delete-tail,0,3,117;7043;7269,7269,226
118,base,update-tail,1,11,118;1579;2634;3328;4437;4484;4518;4831;4971;5348;7120,7120,1772
119,base,update-tail,1,2,119;6926,6926,6807
120,base,update-tail,1,7,120;1283;1707;2255;3758;4992;5603,5603,611
121,base,delete-tail,0,8,121;1606;2240;2444;4068;4393;5759;6445,6445,686
122,base,update-tail,1,2,122;6848,6848,6726
123,base,update-tail,1,4,123;1419;2950;4488,4488,1538
124,base,update-tail,1,4,124;1271;1683;1930,1930,247
125,base,delete-tail,0,6,125;3083;3368;4447;5094;5339,5339,245
126,base,update-tail,1,3,126;1899;4474,4474,2575
127,base,update-tail,1,8,127;1662;2703;3598;3602;3991;6660;7315,7315,655
128,base,delete-tail,0,13,128;1563;1622;1765;2183;2287;2523;2734;3174;3613;4673;4793;5073,5073,280
129,base,update-tail,1,2,129;1292,1292,1163
130,base,update-tail,1,7,130;1447;1792;4566;4588;5958;7210,7210,1252
131,base,update-tail,1,2,131;4577,4577,4446
132,base,update-tail,1,10,132;2246;2896;4638;5106;5931;6973;6999;7208;7323,7323,115
133,base,update-tail,1,3,133;3608;5563,5563,1955
134,base,update-tail,1,2,134;6102,6102,5968
135,base,update-tail,1,6,135;2094;3491;4406;6462;6481,6481,19
136,base,reinsert-tail,1,5,136;3104;4069;4279;7103,7103,2824
137,base,update-tail,1,5,137;3962;5223;5485;6917,6917,1432
138,base,update-tail,1,2,138;3450,3450,3312
139,base,update-tail,1,3,139;4730;7102,7102,2372
140,base,update-tail,1,4,140;2315;2322;5833,5833,3511
141,base,update-tail,1,3,141;3840;7380,7380,3540
142,base,update-tail,1,7,142;1795;2101;4079;4847;5083;7150,7150,2067
143,base,update-tail,1,7,143;2454;2774;3867;4943;6596;7041,7041,445
144,base,update-tail,1,3,144;1790;2387,2387,597
145,base,update-tail,1,10,145;1693;1754;3239;4174;4475;6280;6600;6727;7318,7318,591
146,base,update-tail,1,2,146;3702,3702,3556
147,base,update-tail,1,5,147;1585;4485;5636;6685,6685,1049
148,base,update-tail,1,12,148;1555;1608;1973;2099;2908;4521;5178;5669;6094;6417;6639,6639,222
149,base,update-tail,1,2,149;7072,7072,6923
150,base,delete-tail,0,3,150;1994;3108,3108,1114
151,base,update-tail,1,12,151;1349;1702;4109;4259;4614;5841;6472;6638;6670;7138;7174,7174,36
152,base,update-tail,1,3,152;6052;7365,7365,1313
153,base,update-tail,1,11,153;1240;2021;2501;3224;4481;5317;5555;5961;6859;7270,7270,411
154,base,update-tail,1,4,154;2386;3940;6021,6021,2081
155,base,update-tail,1,10,155;2435;2659;2771;3074;4188;4648;5137;5320;7381,7381,2061
156,base,update-tail,1,4,156;5391;5843;6573,6573,730
157,base,update-tail,1,5,157;3204;3379;3579;4154,4154,575
158,base,update-tail,1,7,158;1337;1631;2448;3257;4579;4670,4670,91
159,base,update-tail,1,4,159;2682;3008;4870,4870,1862
160,base,update-tail,1,2,160;6151,6151,5991
161,base,update-tail,1,3,161;5264;5705,5705,441
162,base,update-tail,1,2,162;4803,4803,4641
163,base,update-tail,1,5,163;5053;5824;6194;7172,7172,978
164,base,update-tail,1,9,164;3242;3505;3814;3849;4794;4873;5684;6711,6711,1027
165,base,update-tail,1,11,165;1727;2082;2265;2893;3795;4018;4470;5403;5513;5752,5752,239
166,base,update-tail,1,3,166;2403;6531,6531,4128
167,base,update-tail,1,2,167;1721,1721,1554
168,base,update-tail,1,13,168;1687;2660;2705;3342;3652;4415;4645;5071;5353;6200;6849;7345,7345,496
169,base,update-tail,1,4,169;2350;2559;6270,6270,3711
170,base,update-tail,1,4,170;1603;2667;5231,5231,2564
171,base,update-tail,1,6,171;1341;4359;5328;5640;6770,6770,1130
172,base,update-tail,1,2,172;1410,1410,1238
173,base,update-tail,1,5,173;3600;4274;6437;6949,6949,512
174,base,update-tail,1,4,174;2291;2879;6913,6913,4034
175,base,update-tail,1,8,175;1431;1649;3848;4455;5695;5997;7397,7397,1400
176,base,update-tail,1,2,176;5973,5973,5797
177,base,update-tail,1,5,177;3530;4404;4758;5962,5962,1204
178,base,update-tail,1,5,178;2075;2106;3441;3516,3516,75
179,base,update-tail,1,11,179;1204;2439;2796;3742;3908;3951;4093;5569;6418;7037,7037,619
180,base,update-tail,1,2,180;6686,6686,6506
181,base,update-tail,1,4,181;1424;5694;7275,7275,1581
182,base,update-tail,1,2,182;5541,5541,5359
183,base,update-tail,1,3,183;3673;3859,3859,186
184,base,delete-tail,0,3,184;2145;6517,6517,4372
185,base,update-tail,1,8,185;2632;2725;3363;3764;5473;6697;7238,7238,541
186,base,update-tail,1,3,186;1535;6778,6778,5243
187,base,update-tail,1,4,187;3208;6043;7180,7180,1137
188,base,update-tail,1,2,188;4574,4574,4386
189,base,update-tail,1,3,189;3716;4874,4874,1158
190,base,update-tail,1,10,190;2074;2241;2946;4291;5086;5363;6264;6526;6865,6865,339
191,base,update-tail,1,14,191;1775;2535;3079;3103;3369;3789;4049;4413;4661;5547;5971;6394;6940,6940,546
192,base,delete-tail,0,3,192;2167;5610,5610,3443
193,base,update-tail,1,6,193;1548;2886;4363;5368;6078,6078,710
194,base,update-tail,1,3,194;4711;5967,5967,1256
195,base,update-tail,1,7,195;1276;3452;4301;5141;5185;6663,6663,1478
196,base,delete-tail,0,9,196;1831;2294;3725;4790;4825;5089;6782;7306,7306,524
197,base,update-tail,1,4,197;5105;6160;6935,6935,775
198,base,update-tail,1,2,198;2076,2076,1878
199,base,update-tail,1,4,199;2008;2488;6218,6218,3730
200,base,update-tail,1,2,200;7187,7187,6987
201,base,delete-tail,0,2,201;2299,2299,2098
202,base,update-tail,1,7,202;2313;3359;3728;4146;5732;6142,6142,410
203,base,update-tail,1,2,203;3884,3884,3681
204,base,update-tail,1,2,204;7331,7331,7127
205,base,update-tail,1,4,205;2144;6243;7337,7337,1094
206,base,update-tail,1,10,206;2505;2914;3767;4035;4777;5290;5446;6732;7188,7188,456
207,base,update-tail,1,2,207;3484,3484,3277
208,base,update-tail,1,4,208;2818;4891;6291,6291,1400
209,base,update-tail,1,3,209;6802;7097,7097,295
210,base,update-tail,1,2,210;4615,4615,4405
211,base,update-tail,1,10,211;3437;3690;4459;4522;4651;4714;4918;5260;6113,6113,853
212,base,update-tail,1,4,212;1665;5005;7055,7055,2050
213,base,update-tail,1,2,213;5993,5993,5780
214,base,reinsert-tail,1,6,214;2274;2493;2530;4013;6253,6253,2240
215,base,update-tail,1,2,215;3537,3537,3322
216,base,update-tail,1,2,216;6029,6029,5813
217,base,update-tail,1,3,217;5812;6154,6154,342
218,base,update-tail,1,19,218;1610;1903;1981;2019;2132;2577;3336;3760;4444;5344;5719;6089;6169;6206;6512;6692;6731;6908,6908,177
219,base,update-tail,1,3,219;2017;6304,6304,4287
220,base,update-tail,1,6,220;2730;4362;6040;6407;6868,6868,461
221,base,delete-tail,0,3,221;3129;4837,4837,1708
222,base,update-tail,1,5,222;1523;4017;4949;6323,6323,1374
223,base,update-tail,1,10,223;2194;3485;4293;4839;5181;5432;5802;6436;6798,6798,362
224,base,delete-tail,0,13,224;1217;1249;1257;1658;2973;3116;3184;3719;5124;6019;6275;6339,6339,64
225,base,update-tail,1,2,225;1491,1491,1266
226,base,update-tail,1,9,226;3160;3556;5298;5422;5587;5621;6895;7056,7056,161
227,base,delete-tail,0,2,227;1293,1293,1066
228,base,update-tail,1,15,228;2117;2335;2929;3052;3291;3698;3773;3960;5159;5519;5985;5988;6096;6229,6229,133
229,base,update-tail,1,4,229;2423;5186;7160,7160,1974
230,base,update-tail,1,4,230;2466;4920;5301,5301,381
231,base,update-tail,1,4,231;3115;3357;6971,6971,3614
232,base,update-tail,1,3,232;6168;6529,6529,361
233,base,delete-tail,0,16,233;2657;3196;3488;3581;3731;3796;4058;4210;4464;4530;4835;5009;5923;6325;6994,6994,669
234,base,reinsert-tail,1,6,234;1598;1813;1853;2810;6990,6990,4180
235,base,update-tail,1,16,235;1317;1486;1614;2356;2620;2826;2887;3009;3234;3755;4151;5019;5631;5633;7398,7398,1765
236,base,update-tail,1,11,236;1713;2210;3888;4157;4263;4338;4784;5430;6008;7008,7008,1000
237,base,delete-tail,0,6,237;2200;2702;3701;4963;6106,6106,1143
238,base,update-tail,1,6,238;1780;1799;2598;4604;7256,7256,2652
239,base,update-tail,1,3,239;2913;4937,4937,2024
240,base,update-tail,1,2,240;4357,4357,4117
241,base,update-tail,1,4,241;2268;2791;3812,3812,1021
242,base,update-tail,1,9,242;1736;2100;2407;2604;4272;5164;5641;7373,7373,1732
243,base,update-tail,1,11,243;1323;2421;3675;3842;4225;4936;5452;5644;5765;6085,6085,320
244,base,update-tail,1,6,244;2058;3081;3823;5002;5525,5525,523
245,base,update-tail,1,12,245;1703;1726;1729;2762;4384;5784;6311;6965;7134;7153;7211,7211,58
246,base,reinsert-tail,1,7,246;2330;4186;5551;5649;6605;7242,7242,637
247,base,update-tail,1,6,247;2243;2689;4944;6718;6946,6946,228
248,base,update-tail,1,8,248;2013;2500;2517;3873;6337;6843;7393,7393,550
249,base,delete-tail,0,3,249;3462;5418,5418,1956
250,base,update-tail,1,5,250;3669;4903;5518;6049,6049,531
251,base,update-tail,1,2,251;3654,3654,3403
252,base,update-tail,1,3,252;1586;6942,6942,5356
253,base,update-tail,1,2,253;7209,7209,6956
254,base,update-tail,1,2,254;3900,3900,3646
255,base,update-tail,1,8,255;1532;4315;4635;4858;5514;6656;7101,7101,445
256,base,update-tail,1,2,256;2066,2066,1810
257,base,update-tail,1,2,257;6035,6035,5778
258,base,update-tail,1,4,258;2141;2366;5127,5127,2761
259,base,update-tail,1,4,259;3970;5287;6214,6214,927
260,base,update-tail,1,3,260;4586;4683,4683,97
261,base,delete-tail,0,4,261;4875;5170;5662,5662,492
262,base,update-tail,1,4,262;2365;2709;2937,2937,228
263,base,update-tail,1,6,263;2288;5100;5165;5924;6187,6187,263
264,base,update-tail,1,5,264;4078;4967;6296;6313,6313,17
265,base,update-tail,1,2,265;3722,3722,3457
266,base,update-tail,1,2,266;1893,1893,1627
267,base,update-tail,1,8,267;1216;1644;2362;2587;3217;5914;6198,6198,284
268,base,delete-tail,0,2,268;4950,4950,4682
269,base,update-tail,1,5,269;5325;5799;6795;6812,6812,17
270,base,update-tail,1,4,270;1308;1952;7074,7074,5122
271,base,delete-tail,0,5,271;1695;2751;4527;5651,5651,1124
272,base,update-tail,1,6,272;3318;3775;5305;6401;6431,6431,30
273,base,update-tail,1,2,273;1661,1661,1388
274,base,update-tail,1,3,274;5337;7020,7020,1683
275,base,update-tail,1,9,275;1955;2118;3855;3997;4258;5597;5981;6074,6074,93
276,base,update-tail,1,2,276;3832,3832,3556
277,base,delete-tail,0,16,277;1242;1287;1368;1478;1850;2858;3803;3880;4107;4309;4434;4547;5279;6564;6695,6695,131
278,base,update-tail,1,11,278;1335;1351;1469;1582;3189;4125;5015;5155;5405;7372,7372,1967
279,base,update-tail,1,5,279;2777;4500;6189;6654,6654,465
280,base,update-tail,1,3,280;3965;5553,5553,1588
281,base,update-tail,1,3,281;5354;7042,7042,1688
282,base,update-tail,1,14,282;1816;1854;2079;2678;2767;3061;3130;3919;4680;4883;5214;5992;6816,6816,824
283,base,update-tail,1,3,283;1540;4682,4682,3142
284,base,update-tail,1,7,284;2781;2812;3500;4316;4719;7406,7406,2687
285,base,update-tail,1,9,285;1604;2885;3376;4233;4454;5552;6893;7001,7001,108
286,base,update-tail,1,3,286;5266;5872,5872,606
287,base,update-tail,1,2,287;5792,5792,5505
288,base,update-tail,1,4,288;4449;4853;5764,5764,911
289,base,update-tail,1,2,289;2324,2324,2035
290,base,update-tail,1,5,290;2184;2384;2699;3232,3232,533
291,base,update-tail,1,7,291;2131;3508;4795;5216;6303;6993,6993,690
292,base,update-tail,1,2,292;2947,2947,2655
293,base,update-tail,1,9,293;1880;2375;2611;3275;4189;5548;6693;7003,7003,310
294,base,update-tail,1,5,294;2842;3302;4408;6372,6372,1964
295,base,update-tail,1,2,295;4644,4644,4349
296,base,update-tail,1,4,296;4090;4303;4749,4749,446
297,base,update-tail,1,10,297;1689;1860;3262;3425;3885;4487;4897;6427;6948,6948,521
298,base,update-tail,1,7,298;1322;3427;3813;4663;5716;6850,6850,1134
299,base,update-tail,1,3,299;1742;2345,2345,603
300,base,update-tail,1,4,300;4478;5746;7089,7089,1343
301,base,update-tail,1,13,301;1208;2592;2987;3049;3676;3790;4427;5517;5885;6176;6747;6755,6755,8
302,base,update-tail,1,2,302;6494,6494,6192
303,base,update-tail,1,5,303;1825;3439;4596;6637,6637,2041
304,base,update-tail,1,4,304;1256;3883;6878,6878,2995
305,base,update-tail,1,9,305;1456;1866;3599;3639;4136;4818;4851;7293,7293,2442
306,base,update-tail,1,3,306;3877;4221,4221,344
307,base,update-tail,1,4,307;1372;1841;5928,5928,4087
308,base,update-tail,1,6,308;1937;3520;3706;3726;4619,4619,893
309,base,update-tail,1,3,309;6714;6741,6741,27
310,base,update-tail,1,2,310;1359,1359,1049
311,base,update-tail,1,6,311;2641;2685;3139;3715;4553,4553,838
312,base,update-tail,1,2,312;2985,2985,2673
313,base,delete-tail,0,2,313;3714,3714,3401
314,base,delete-tail,0,5,314;1350;2907;3862;5362,5362,1500
315,base,update-tail,1,10,315;1253;2563;2864;3080;4505;5095;5497;5855;6175,6175,320
316,base,update-tail,1,3,316;4893;5725,5725,832
317,base,update-tail,1,4,317;3574;4159;7011,7011,2852
318,base,update-tail,1,4,318;2320;3216;5331,5331,2115
319,base,update-tail,1,5,319;1374;3677;6683;7068,7068,385
320,base,update-tail,1,4,320;3305;3418;6706,6706,3288
321,base,update-tail,1,8,321;2560;3782;4540;4699;5221;6463;7298,7298,835
322,base,update-tail,1,6,322;2295;2376;2431;4153;6408,6408,2255
323,base,update-tail,1,3,323;1533;5189,5189,3656
324,base,delete-tail,0,2,324;3700,3700,3376
325,base,reinsert-tail,1,4,325;1484;3547;6117,6117,2570
326,base,update-tail,1,3,326;2540;6245,6245,3705
327,base,update-tail,1,2,327;5864,5864,5537
328,base,reinsert-tail,1,5,328;1305;1342;2529;5678,5678,3149
329,base,update-tail,1,5,329;2174;2600;5347;7034,7034,1687
330,base,update-tail,1,2,330;6881,6881,6551
331,base,update-tail,1,6,331;1472;2518;2925;3087;5613,5613,2526
332,base,update-tail,1,12,332;3177;3458;3510;4278;4872;5167;5480;6326;6456;6657;7313,7313,656
333,base,update-tail,1,9,333;2267;2589;2808;4945;5345;6392;6885;7300,7300,415
334,base,delete-tail,0,6,334;4043;4156;4519;4608;5953,5953,1345
335,base,update-tail,1,2,335;1339,1339,1004
336,base,update-tail,1,11,336;1334;1820;3323;3326;4180;4364;5174;6855;7104;7399,7399,295
337,base,reinsert-tail,1,13,337;1784;2538;2646;3382;3549;4332;4927;5476;6013;6629;6826;6902,6902,76
338,base,update-tail,1,2,338;6083,6083,5745
339,base,update-tail,1,3,339;2415;6557,6557,4142
340,base,update-tail,1,7,340;4535;5488;5579;6012;6081;6134,6134,53
341,base,update-tail,1,14,341;1525;1626;1801;2005;3367;3387;4467;4621;5682;5935;6708;6857;7301,7301,444
342,base,update-tail,1,2,342;3006,3006,2664
343,base,delete-tail,0,13,343;1473;1634;1772;2332;2838;3420;4606;5699;6324;6356;6473;6901,6901,428
344,base,update-tail,1,4,344;5652;5757;6769,6769,1012
345,base,reinsert-tail,1,3,345;1998;5883,5883,3885
346,base,update-tail,1,5,346;5836;6862;7320;7375,7375,55
347,base,update-tail,1,3,347;2607;3854,3854,1247
348,base,update-tail,1,3,348;5249;5726,5726,477
349,base,update-tail,1,16,349;1423;1654;1940;2616;3436;3614;4074;4126;4131;4852;5370;5501;5815;6551;6918,6918,367
350,base,update-tail,1,3,350;1873;6352,6352,4479
351,base,update-tail,1,12,351;1356;2027;2154;2480;2679;2817;3255;6015;6643;6745;7327,7327,582
352,base,update-tail,1,9,352;1558;2090;2639;2912;4369;4396;4713;5394,5394,681
353,base,delete-tail,0,2,353;4128,4128,3775
354,base,update-tail,1,3,354;1389;2995,2995,1606
355,base,update-tail,1,5,355;2175;2969;3451;4938,4938,1487
356,base,update-tail,1,4,356;2351;7064;7199,7199,135
357,base,update-tail,1,9,357;1566;1718;2136;2317;3942;4029;5865;7112,7112,1247
358,base,delete-tail,0,9,358;1202;2928;2951;3401;4641;5233;5850;6608,6608,758
359,base,update-tail,1,6,359;3131;3865;4687;4960;7201,7201,2241
360,base,update-tail,1,4,360;5467;5762;7255,7255,1493
361,base,update-tail,1,2,361;2528,2528,2167
362,base,update-tail,1,7,362;2282;3172;3253;3939;4930;5515,5515,585
363,base,update-tail,1,2,363;6467,6467,6104
364,base,update-tail,1,12,364;1549;1885;2055;3250;3319;3635;4179;4904;5343;5493;5698,5698,205
365,base,update-tail,1,12,365;2223;2337;2462;2568;3486;3805;4626;5224;6130;6603;6774,6774,171
366,base,update-tail,1,4,366;1498;2436;3624,3624,1188
367,base,update-tail,1,5,367;2612;2644;2963;6196,6196,3233
368,base,update-tail,1,3,368;6302;6460,6460,158
369,base,update-tail,1,12,369;2334;2836;3317;3380;3655;4099;4770;5657;6590;6746;7362,7362,616
370,base,reinsert-tail,1,4,370;1259;2281;7123,7123,4842
371,base,update-tail,1,3,371;1946;4302,4302,2356
372,base,reinsert-tail,1,20,372;2095;2237;2395;2583;3378;3693;3871;4212;4358;4499;4764;5054;5183;5274;5383;6146;6147;6479;7147,7147,668
373,base,update-tail,1,3,373;2196;2936,2936,740
374,base,update-tail,1,4,374;3453;5029;5474,5474,445
375,base,update-tail,1,2,375;3240,3240,2865
376,base,update-tail,1,2,376;4798,4798,4422
377,base,update-tail,1,14,377;1769;1882;2627;2788;2952;2999;4216;5509;5814;5944;6067;6461;7357,7357,896
378,base,update-tail,1,12,378;1304;2010;2129;2770;3179;3694;4095;4676;6112;6534;7355,7355,821
379,base,update-tail,1,4,379;2289;2941;4222,4222,1281
380,base,update-tail,1,5,380;2284;2750;3358;5840,5840,2482
381,base,update-tail,1,9,381;1766;2298;2760;2899;3601;3896;4296;5577,5577,1281
382,base,update-tail,1,2,382;7116,7116,6734
383,base,update-tail,1,7,383;1239;1354;3659;4845;5882;6397,6397,515
384,base,update-tail,1,4,384;4055;4117;6806,6806,2689
385,base,update-tail,1,2,385;3243,3243,2858
386,base,update-tail,1,2,386;3687,3687,3301
387,base,update-tail,1,2,387;5562,5562,5175
388,base,update-tail,1,3,388;5156;6393,6393,1237
389,base,delete-tail,0,9,389;1458;2558;3666;3696;3833;5003;5721;6677,6677,956
390,base,update-tail,1,13,390;1574;1672;2123;2374;3272;3522;3949;4010;4087;6430;6744;7388,7388,644
391,base,update-tail,1,8,391;1992;2004;2143;2625;5243;5506;7085,7085,1579
392,base,update-tail,1,8,392;1965;3788;4088;5466;6305;6779;7295,7295,516
393,base,update-tail,1,4,393;3409;5311;6340,6340,1029
394,base,update-tail,1,3,394;2329;2738,2738,409
395,base,delete-tail,0,11,395;1722;1796;1855;3337;4424;4728;4809;5153;5523;6474,6474,951
396,base,update-tail,1,2,396;2461,2461,2065
397,base,update-tail,1,8,397;1366;1436;1985;5109;5615;6369;7303,7303,934
398,base,update-tail,1,4,398;2413;3710;6071,6071,2361
399,base,update-tail,1,14,399;1251;1516;2209;2891;2906;3489;3691;3806;4906;5088;6376;6846;7370,7370,524
400,base,update-tail,1,6,400;1223;1451;4110;6487;7036,7036,549
401,base,update-tail,1,14,401;1425;1914;2001;2236;2527;3099;3114;3212;3372;3772;5377;6497;6611,6611,114
402,base,reinsert-tail,1,4,402;1380;2684;4534,4534,1850
403,base,update-tail,1,6,403;1839;2364;3961;4419;5270,5270,851
404,base,update-tail,1,3,404;4192;5845,5845,1653
405,base,reinsert-tail,1,5,405;1442;2510;3019;5751,5751,2732
406,base,update-tail,1,2,406;3909,3909,3503
407,base,update-tail,1,4,407;1214;4602;4841,4841,239
408,base,update-tail,1,3,408;5017;5042,5042,25
409,base,update-tail,1,4,409;2258;3777;5937,5937,2160
410,base,update-tail,1,6,410;1324;1761;4984;7142;7194,7194,52
411,base,update-tail,1,2,411;6489,6489,6078
412,base,update-tail,1,14,412;1234;1355;1636;1760;1915;2465;3416;3643;4038;4623;5479;6841;7348,7348,507
413,base,update-tail,1,7,413;1836;2790;3356;4465;5401;6349,6349,948
414,base,update-tail,1,2,414;4678,4678,4264
415,base,update-tail,1,3,415;2422;4597,4597,2175
416,base,update-tail,1,6,416;1986;3140;4656;4914;6691,6691,1777
417,base,update-tail,1,5,417;3229;3735;4138;5085,5085,947
418,base,update-tail,1,11,418;2564;2918;4001;4232;4430;5481;5899;5974;6105;6987,6987,882
419,base,update-tail,1,9,419;1883;2308;2389;2482;5199;5309;6664;6827,6827,163
420,base,update-tail,1,4,420;3662;5853;6936,6936,1083
421,base,delete-tail,0,2,421;5415,5415,4994
422,base,reinsert-tail,1,6,422;1557;2253;3757;4046;7127,7127,3081
423,base,update-tail,1,23,423;2336;2932;3456;4236;4462;4593;4952;5173;5540;5543;6092;6136;6263;6346;6441;6624;6636;6672;6763;6976;7092;7257,7257,165
424,base,update-tail,1,10,424;1291;1468;1865;1997;4171;4417;5090;6835;7070,7070,235
425,base,delete-tail,0,5,425;1224;1717;3393;4060,4060,667
426,base,reinsert-tail,1,11,426;1666;2047;2549;2553;2782;3126;3461;4662;5122;6380,6380,1258
427,base,update-tail,1,5,427;2018;5410;7107;7195,7195,88
428,base,reinsert-tail,1,3,428;3210;6962,6962,3752
429,base,reinsert-tail,1,5,429;1514;2550;3135;5891,5891,2756
430,base,update-tail,1,12,430;1591;1605;2087;3238;3398;4653;5389;5785;6211;6776;7095,7095,319
431,base,delete-tail,0,2,431;5319,5319,4888
432,base,update-tail,1,8,432;2476;2920;3519;4064;4805;5895;7402,7402,1507
433,base,delete-tail,0,3,433;3270;6242,6242,2972
434,base,update-tail,1,7,434;1629;2597;2819;3285;4144;6803,6803,2659
435,base,update-tail,1,20,435;1411;1691;1739;1863;1867;2057;2170;2369;2371;2521;2680;3154;4319;4735;5774;6316;6869;6955;7046,7046,91
436,base,update-tail,1,2,436;4310,4310,3874
437,base,update-tail,1,3,437;3734;3754,3754,20
438,base,delete-tail,0,2,438;1596,1596,1158
439,base,update-tail,1,3,439;4556;7019,7019,2463
440,base,delete-tail,0,9,440;1619;2088;2504;3528;4739;5867;6947;6957,6957,10
441,base,delete-tail,0,2,441;3535,3535,3094
442,base,update-tail,1,2,442;2633,2633,2191
443,base,reinsert-tail,1,3,443;5134;7207,7207,2073
444,base,update-tail,1,3,444;1682;5645,5645,3963
445,base,update-tail,1,4,445;3619;6469;6820,6820,351
446,base,update-tail,1,8,446;1819;2166;2193;4021;6256;6977;7205,7205,228
447,base,delete-tail,0,6,447;2953;3145;3953;4507;5599,5599,1092
448,base,update-tail,1,5,448;2278;6082;6197;7392,7392,1195
449,base,update-tail,1,4,449;5026;6490;6673,6673,183
450,base,delete-tail,0,2,450;5417,5417,4967
451,base,update-tail,1,5,451;1583;3426;3746;7405,7405,3659
452,base,update-tail,1,5,452;3066;3178;3246;6265,6265,3019
453,base,update-tail,1,8,453;3161;3219;3543;3551;4416;6535;7363,7363,828
454,base,update-tail,1,16,454;1402;1823;2098;2172;2619;2664;2910;2961;3309;3315;5648;6133;6173;6215;7274,7274,1059
455,base,update-tail,1,6,455;3958;4065;6290;6720;6880,6880,160
456,base,update-tail,1,10,456;1228;1280;2976;3221;4285;4609;4929;6413;7078,7078,665
457,base,update-tail,1,3,457;3181;5989,5989,2808
458,base,update-tail,1,4,458;4343;4799;5468,5468,669
459,base,reinsert-tail,1,16,459;1877;2032;2787;3056;3076;3293;4262;4360;4599;4901;5717;6084;6570;6771;7145,7145,374
460,base,update-tail,1,3,460;3371;4543,4543,1172
461,base,delete-tail,0,3,461;1959;4482,4482,2523
462,base,update-tail,1,3,462;2967;3411,3411,444
463,base,delete-tail,0,2,463;3472,3472,3009
464,base,update-tail,1,2,464;4578,4578,4114
465,base,delete-tail,0,4,465;3228;3977;6389,6389,2412
466,base,update-tail,1,4,466;2825;3756;5598,5598,1842
467,base,update-tail,1,2,467;5133,5133,4666
468,base,update-tail,1,3,468;1656;5503,5503,3847
469,base,update-tail,1,5,469;1260;1906;2137;2716,2716,579
470,base,update-tail,1,7,470;1545;2083;4033;4266;5315;6713,6713,1398
471,base,update-tail,1,11,471;1412;2861;3289;4048;4162;4868;5646;6086;6156;6969,6969,813
472,base,reinsert-tail,1,4,472;1781;3732;7181,7181,3449
473,base,update-tail,1,2,473;2381,2381,1908
474,base,update-tail,1,3,474;3853;6355,6355,2502
475,base,update-tail,1,4,475;3361;5991;6032,6032,41
476,base,update-tail,1,3,476;1684;6293,6293,4609
477,base,delete-tail,0,9,477;1265;1381;3226;3512;4353;4748;5280;5738,5738,458
478,base,delete-tail,0,4,478;1373;1427;4630,4630,3203
479,base,update-tail,1,8,479;2945;3603;4654;5805;5844;6171;6442,6442,271
480,base,delete-tail,0,3,480;4248;5229,5229,981
481,base,update-tail,1,3,481;2519;6476,6476,3957
482,base,update-tail,1,3,482;3705;3869,3869,164
483,base,update-tail,1,2,483;5307,5307,4824
484,base,update-tail,1,7,484;1628;1759;2613;3622;5903;5976,5976,73
485,base,update-tail,1,2,485;2091,2091,1606
486,base,update-tail,1,5,486;1515;1678;4054;6276,6276,2222
487,base,update-tail,1,8,487;2251;3277;3820;4629;5900;6680;7341,7341,661
488,base,update-tail,1,4,488;1597;3649;3751,3751,102
489,base,update-tail,1,9,489;2443;2739;2752;2902;3023;3617;4045;5982,5982,1937
490,base,update-tail,1,17,490;1362;1798;2663;2846;3069;3123;4355;4690;4921;5342;5557;6115;6701;6998;7193;7326,7326,133
491,base,update-tail,1,3,491;4573;4882,4882,309
492,base,update-tail,1,2,492;1886,1886,1394
493,base,update-tail,1,6,493;2507;5512;6616;6856;7184,7184,328
494,base,update-tail,1,5,494;1450;2554;6269;7030,7030,761
495,base,update-tail,1,2,495;5218,5218,4723
496,base,update-tail,1,2,496;1278,1278,782
497,base,delete-tail,0,2,497;5278,5278,4781
498,base,update-tail,1,2,498;4012,4012,3514
499,base,update-tail,1,7,499;1247;2487;2798;5596;6152;7361,7361,1209
500,base,delete-tail,0,4,500;3149;3383;3952,3952,569
501,base,delete-tail,0,2,501;1434,1434,933
502,base,update-tail,1,3,502;2219;7212,7212,4993
503,base,update-tail,1,6,503;4277;4668;4736;4854;4916,4916,62
504,base,update-tail,1,2,504;7215,7215,6711
505,base,delete-tail,0,14,505;1258;1343;1446;1455;3298;3471;3748;4988;5011;5162;6273;7060;7244,7244,184
506,base,delete-tail,0,3,506;1315;3394,3394,2079
507,base,delete-tail,0,9,507;1407;1828;2111;3509;3562;3660;5822;6752,6752,930
508,base,update-tail,1,2,508;4765,4765,4257
509,base,update-tail,1,2,509;2310,2310,1801
510,base,update-tail,1,7,510;1847;3325;4571;4789;5356;6724,6724,1368
511,base,update-tail,1,2,511;6444,6444,5933
512,base,update-tail,1,4,512;1547;2954;3876,3876,922
513,base,update-tail,1,2,513;3299,3299,2786
514,base,update-tail,1,5,514;4705;6365;6712;6837,6837,125
515,base,update-tail,1,4,515;3348;5014;6832,6832,1818
516,base,update-tail,1,4,516;2536;5292;7149,7149,1857
517,base,reinsert-tail,1,10,517;1530;1615;2015;3679;4022;4905;5059;5146;5907,5907,761
518,base,update-tail,1,4,518;2895;5734;6787,6787,1053
519,base,update-tail,1,7,519;2271;3352;3529;3985;5434;6560,6560,1126
520,base,delete-tail,0,3,520;1745;3264,3264,1519
521,base,update-tail,1,3,521;2862;5819,5819,2957
522,base,update-tail,1,6,522;1600;2133;2655;3397;5261,5261,1864
523,base,update-tail,1,4,523;2754;6072;7038,7038,966
524,base,update-tail,1,3,524;4113;5767,5767,1654
525,base,update-tail,1,11,525;1328;2506;2516;3526;3545;4330;4824;5723;5846;6499,6499,653
526,base,update-tail,1,5,526;1777;3986;5909;7377,7377,1468
527,base,reinsert-tail,1,50,527;1211;1235;1513;1762;1809;1897;1901;1904;1949;2071;2110;2168;2437;2460;2647;2931;3593;3981;3996;4008;4204;4238;4261;4460;4506;4600;4808;4869;4880;4889;5022;5143;5209;5258;5423;5450;5531;5637;5675;5847;5856;6053;6166;6183;6335;6450;6983;7006;7152,7152,146
528,base,update-tail,1,7,528;2254;2333;2341;3791;6828;7358,7358,530
529,base,update-tail,1,6,529;3268;3511;3879;5532;6867,6867,1335
530,base,update-tail,1,8,530;2425;2494;3015;4773;5074;5365;7260,7260,1895
531,base,update-tail,1,2,531;7342,7342,6811
532,base,update-tail,1,2,532;3837,3837,3305
533,base,update-tail,1,2,533;4902,4902,4369
534,base,update-tail,1,3,534;3963;5793,5793,1830
535,base,update-tail,1,2,535;5063,5063,4528
536,base,delete-tail,0,5,536;1926;1958;4094;4468,4468,374
537,base,update-tail,1,4,537;2828;3373;7394,7394,4021
538,base,update-tail,1,2,538;1313,1313,775
539,base,reinsert-tail,1,10,539;1385;1422;1945;2042;3041;4401;4503;4722;7294,7294,2572
540,base,update-tail,1,4,540;3573;4800;5766,5766,966
541,base,update-tail,1,3,541;1489;2208,2208,719
542,base,update-tail,1,11,542;1212;3733;3982;4183;4207;4414;5294;5378;6780;7076,7076,296
543,base,update-tail,1,2,543;7338,7338,6795
544,base,update-tail,1,8,544;2119;2385;3525;3983;6047;6223;6386,6386,163
545,base,reinsert-tail,1,10,545;1268;1430;1593;1618;1948;4990;5012;5136;6882,6882,1746
546,base,delete-tail,0,4,546;2377;3153;3741,3741,588
547,base,update-tail,1,2,547;2368,2368,1821
548,base,update-tail,1,4,548;2040;3699;5148,5148,1449
549,base,update-tail,1,2,549;2227,2227,1678
550,base,update-tail,1,2,550;3195,3195,2645
551,base,update-tail,1,7,551;2552;3407;5205;5835;6144;7314,7314,1170
552,base,update-tail,1,8,552;2532;2919;2982;3412;5335;6240;6503,6503,263
553,base,update-tail,1,2,553;3408,3408,2855
554,base,update-tail,1,2,554;5672,5672,5118
555,base,update-tail,1,17,555;2694;2970;4778;4812;4830;5585;5781;5858;6028;6577;6614;6742;7136;7221;7261;7299,7299,38
556,base,update-tail,1,9,556;1215;2708;3331;3847;5192;5801;5809;6561,6561,752
557,base,update-tail,1,3,557;3162;3835,3835,673
558,base,delete-tail,0,8,558;2429;4112;4228;4287;5528;6138;6545,6545,407
559,base,update-tail,1,4,559;2688;4674;6150,6150,1476
560,base,update-tail,1,3,560;5161;5545,5545,384
561,base,update-tail,1,7,561;3201;5544;6065;6943;7033;7140,7140,107
562,base,update-tail,1,2,562;6954,6954,6392
563,base,update-tail,1,5,563;1232;1275;3708;6459,6459,2751
564,base,update-tail,1,12,564;2412;2551;2901;3370;3642;4866;5119;6076;6688;6967;7176,7176,209
565,base,delete-tail,0,3,565;2949;5062,5062,2113
566,base,update-tail,1,5,566;1524;2497;2900;5568,5568,2668
567,base,update-tail,1,11,567;1225;1996;2039;2574;3891;5044;6299;6584;6733;7280,7280,547
568,base,update-tail,1,3,568;1444;2269,2269,825
569,base,update-tail,1,14,569;1495;2152;2177;2606;2706;2986;3231;3400;4450;5324;6620;6765;7266,7266,501
570,base,update-tail,1,5,570;1838;1905;2499;3713,3713,1214
571,base,update-tail,1,2,571;3466,3466,2895
572,base,delete-tail,0,2,572;4664,4664,4092
573,base,update-tail,1,3,573;4516;6190,6190,1674
574,base,update-tail,1,8,574;3759;4108;5226;5884;6016;6424;6582,6582,158
575,base,update-tail,1,9,575;2195;2512;2671;4163;5289;5364;5868;6184,6184,316
576,base,update-tail,1,2,576;4441,4441,3865
577,base,update-tail,1,4,577;1399;4595;5667,5667,1072
578,base,update-tail,1,5,578;4741;5144;6904;7084,7084,180
579,base,delete-tail,0,2,579;2169,2169,1590
580,base,update-tail,1,3,580;4987;5238,5238,251
581,base,update-tail,1,5,581;3089;3300;4334;4742,4742,408
582,base,delete-tail,0,4,582;1494;2238;3419,3419,1181
583,base,update-tail,1,8,583;1584;3492;3621;5369;5706;6314;6757,6757,443
584,base,update-tail,1,7,584;2850;3743;4023;5581;5912;6107,6107,195
585,base,update-tail,1,5,585;3364;5081;6404;6651,6651,247
586,base,delete-tail,0,3,586;2975;3565,3565,590
587,base,reinsert-tail,1,9,587;1437;2803;3424;5464;5482;5696;5730;7182,7182,1452
588,base,update-tail,1,3,588;2044;6644,6644,4600
589,base,update-tail,1,3,589;2483;5954,5954,3471
590,base,update-tail,1,7,590;1664;2652;5333;6267;7039;7081,7081,42
591,base,update-tail,1,3,591;4337;6149,6149,1812
592,base,reinsert-tail,1,3,592;1361;6502,6502,5141
593,base,reinsert-tail,1,7,593;3498;3575;4490;5595;6422;6575,6575,153
594,base,delete-tail,0,12,594;1336;1808;2669;2877;3088;3384;3564;4452;5296;5549;5756,5756,207
595,base,update-tail,1,10,595;1977;3442;3794;3804;4631;6796;6963;7297;7396,7396,99
596,base,reinsert-tail,1,3,596;1827;6124,6124,4297
597,base,delete-tail,0,10,597;1238;2844;3030;3064;3607;3628;3787;4172;4276,4276,104
598,base,update-tail,1,3,598;4529;4624,4624,95
599,base,update-tail,1,9,599;1231;2557;3881;4190;5092;5632;6185;6542,6542,357
600,base,update-tail,1,12,600;1375;1963;1993;2426;2459;2711;4562;5859;5873;6400;7090,7090,690
601,base,update-tail,1,6,601;2845;3490;5322;5768;6416,6416,648
602,base,update-tail,1,7,602;2011;2126;2409;2543;5735;7170,7170,1435
603,base,update-tail,1,3,603;2490;5999,5999,3509
604,base,update-tail,1,2,604;3697,3697,3093
605,base,update-tail,1,4,605;1699;2191;5433,5433,3242
606,base,reinsert-tail,1,4,606;1686;2662;5826,5826,3164
607,base,update-tail,1,4,607;3584;4476;4557,4557,81
608,base,update-tail,1,8,608;2983;4098;4926;5023;5680;5920;6232,6232,312
609,base,update-tail,1,2,609;4771,4771,4162
610,base,update-tail,1,9,610;1426;1562;1589;1767;3072;4209;4636;5559,5559,923
611,base,update-tail,1,2,611;1712,1712,1101
612,base,delete-tail,0,9,612;1443;2571;3668;4077;4340;4366;5001;5056,5056,55
613,base,update-tail,1,3,613;1561;5169,5169,3608
614,base,update-tail,1,2,614;1294,1294,680
615,base,update-tail,1,8,615;2114;2837;3774;3971;4311;5349;6433,6433,1084
616,base,update-tail,1,6,616;1420;4329;4420;6634;7077,7077,443
617,base,update-tail,1,6,617;2025;4552;5854;6997;7175,7175,178
618,base,update-tail,1,7,618;2793;3957;4205;4244;5166;5269,5269,103
619,base,update-tail,1,13,619;2394;2614;2637;2866;5047;5449;5627;5674;6048;6421;6888;7292,7292,404
620,base,update-tail,1,3,620;1747;3433,3433,1686
621,base,update-tail,1,17,621;1282;1705;1731;1970;1995;2059;3176;3481;3664;4526;4806;4981;5409;5612;6635;7108,7108,473
622,base,delete-tail,0,6,622;1595;2081;3620;3801;3994,3994,193
623,base,update-tail,1,20,623;1227;1312;1325;1641;1817;2156;2252;2456;2766;2835;2871;3374;3423;3432;4743;5588;6131;6813;7121,7121,308
624,base,update-tail,1,2,624;1921,1921,1297
625,base,delete-tail,0,8,625;2498;2724;2927;3119;3895;4716;5584,5584,868
626,base,update-tail,1,3,626;4611;7378,7378,2767
627,base,update-tail,1,3,627;2355;3578,3578,1223
628,base,update-tail,1,13,628;1452;1550;1737;2306;2533;2829;4443;4842;4860;5275;5896;7307,7307,1411
629,base,update-tail,1,6,629;1396;1909;2140;2903;5256,5256,2353
630,base,update-tail,1,3,630;5510;6226,6226,716
631,base,update-tail,1,2,631;5263,5263,4632
632,base,update-tail,1,3,632;5881;6736,6736,855
633,base,update-tail,1,4,633;1569;4083;6239,6239,2156
634,base,delete-tail,0,8,634;1409;1646;2002;3158;3992;6930;7105,7105,175
635,base,update-tail,1,3,635;3241;5456,5456,2215
636,base,update-tail,1,4,636;2358;2621;7334,7334,4713
637,base,delete-tail,0,3,637;2064;4753,4753,2689
638,base,delete-tail,0,4,638;1923;3207;4652,4652,1445
639,base,delete-tail,0,16,639;1900;2247;2541;2670;2847;3013;3100;3280;4576;4620;4731;5041;5145;6167;6220,6220,53
640,base,update-tail,1,10,640;1397;2713;4819;6344;6464;6863;7096;7099;7289,7289,190
641,base,update-tail,1,16,641;1630;1696;1857;1907;2773;3127;3142;3284;3595;3606;4122;5708;5977;6077;6452,6452,375
642,base,delete-tail,0,7,642;2821;3555;4802;5195;5407;6234,6234,827
643,base,update-tail,1,2,643;3141,3141,2498
644,base,update-tail,1,4,644;1571;2997;6060,6060,3063
645,base,update-tail,1,4,645;2189;6224;6451,6451,227
646,base,update-tail,1,6,646;2046;2135;4184;5225;6241,6241,1016
647,base,update-tail,1,18,647;1573;2212;3146;3222;4405;4605;4768;5271;5454;5749;5870;5940;6571;6604;6669;6911;7050,7050,139
648,base,update-tail,1,2,648;1964,1964,1316
649,base,delete-tail,0,3,649;1466;2270,2270,804
650,base,update-tail,1,3,650;2502;6939,6939,4437
651,base,reinsert-tail,1,12,651;1633;1794;1957;2638;2811;2923;3903;5565;5783;6157;6892,6892,735
652,base,update-tail,1,9,652;1248;1858;2256;3320;4231;4671;5560;6482,6482,922
653,base,update-tail,1,4,653;1576;4053;4754,4754,701
654,base,update-tail,1,11,654;2478;2565;2757;3557;3956;4469;6075;6373;6387;7173,7173,786
655,base,update-tail,1,11,655;1874;2211;2691;2856;3783;3809;4170;6119;6123;7114,7114,991
656,base,update-tail,1,2,656;6362,6362,5706
657,base,delete-tail,0,2,657;2686,2686,2029
658,base,update-tail,1,11,658;2795;3029;3514;3913;4703;4932;4976;7051;7106;7122,7122,16
659,base,update-tail,1,2,659;4123,4123,3464
660,base,update-tail,1,5,660;1501;4372;6153;6165,6165,12
661,base,update-tail,1,4,661;2960;4387;5385,5385,998
662,base,update-tail,1,5,662;1499;5082;6122;6898,6898,776
663,base,update-tail,1,11,663;1261;2160;2736;3448;4336;4422;4864;5769;6139;7278,7278,1139
664,base,update-tail,1,8,664;1616;2041;3976;4412;4524;6667;7027,7027,360
665,base,update-tail,1,2,665;6592,6592,5927
666,base,update-tail,1,2,666;6866,6866,6200
667,base,update-tail,1,3,667;5357;6505,6505,1148
668,base,update-tail,1,18,668;1496;1587;1980;2153;2789;3075;3633;3912;4715;4774;4814;4933;5318;6428;6694;7157;7317,7317,160
669,base,update-tail,1,3,669;3031;6594,6594,3563
670,base,delete-tail,0,3,670;3282;3657,3657,375
671,base,update-tail,1,5,671;1252;1338;3215;6249,6249,3034
672,base,delete-tail,0,2,672;1972,1972,1300
673,base,update-tail,1,6,673;4698;4710;4974;6504;6578,6578,74
674,base,update-tail,1,3,674;5241;6587,6587,1346
675,base,update-tail,1,5,675;3769;6665;7235;7333,7333,98
676,base,update-tail,1,5,676;4788;5291;5361;7296,7296,1935
677,base,update-tail,1,2,677;3111,3111,2434
678,base,update-tail,1,10,678;1531;1594;1673;1787;2693;3307;3422;5179;6831,6831,1652
679,base,update-tail,1,2,679;5743,5743,5064
680,base,update-tail,1,4,680;3098;4375;5130,5130,755
681,base,update-tail,1,2,681;4370,4370,3689
682,base,update-tail,1,4,682;1348;3120;3634,3634,514
683,base,update-tail,1,2,683;6227,6227,5544
684,base,update-tail,1,9,684;1570;3157;4438;5045;5470;5916;6207;6506,6506,299
685,base,update-tail,1,3,685;5273;6439,6439,1166
686,base,update-tail,1,9,686;2051;2743;4155;4226;4750;4877;5419;6268,6268,849
687,base,update-tail,1,4,687;2225;5611;5959,5959,348
688,base,update-tail,1,4,688;4511;4589;5483,5483,894
689,base,update-tail,1,4,689;2206;4281;4898,4898,617
690,base,update-tail,1,7,690;1286;2220;2710;4000;5654;6719,6719,1065
691,base,update-tail,1,2,691;6704,6704,6013
692,base,update-tail,1,5,692;1330;5113;6449;6740,6740,291
693,base,update-tail,1,12,693;1734;1881;2290;3563;3588;4166;5379;5813;6001;6099;6751,6751,652
694,base,update-tail,1,4,694;1910;3122;6666,6666,3544
695,base,update-tail,1,2,695;7169,7169,6474
696,base,update-tail,1,10,696;1487;2707;3625;4191;4289;5101;5123;5702;6793,6793,1091
697,base,delete-tail,0,3,697;3005;3033,3033,28
698,base,update-tail,1,5,698;2854;4718;5917;7079,7079,1162
699,base,delete-tail,0,4,699;1454;1851;2649,2649,798
700,base,update-tail,1,5,700;1821;5316;6484;6547,6547,63
701,base,update-tail,1,7,701;3024;4374;5200;6617;7115;7233,7233,118
702,base,update-tail,1,5,702;1307;3653;3838;6004,6004,2166
703,base,update-tail,1,2,703;3137,3137,2434
704,base,update-tail,1,5,704;3567;3641;4409;6247,6247,1838
705,base,update-tail,1,2,705;6532,6532,5827
706,base,reinsert-tail,1,11,706;1357;2522;2698;3269;4075;4431;4649;4859;5539;7113,7113,1574
707,base,update-tail,1,3,707;2216;3704,3704,1488
708,base,update-tail,1,18,708;1803;1832;2280;2400;2591;2883;3223;4115;4385;4660;5031;5277;5299;5890;6361;6891;7021,7021,130
709,base,update-tail,1,15,709;1800;2035;2603;2666;3063;4044;4050;4317;5860;6155;6320;6322;7325;7401,7401,76
710,base,update-tail,1,3,710;1623;3245,3245,1622
711,base,update-tail,1,2,711;2956,2956,2245
712,base,update-tail,1,9,712;2779;3180;4294;5091;6606;6886;6953;7005,7005,52
713,base,update-tail,1,4,713;3663;3781;6319,6319,2538
714,base,delete-tail,0,23,714;1279;1297;1560;2327;2573;2650;3661;3886;4257;4411;4572;4894;5060;5237;5701;5795;6073;6079;6764;6777;7075;7271,7271,196
715,base,update-tail,1,2,715;4934,4934,4219
716,base,update-tail,1,3,716;1363;3194,3194,1831
717,base,update-tail,1,7,717;3296;3638;3843;4295;4675;4998,4998,323
718,base,delete-tail,0,5,718;1627;3779;3978;4076,4076,98
719,base,update-tail,1,8,719;1218;2857;2991;3497;4199;6038;7177,7177,1139
720,base,update-tail,1,3,720;2078;6051,6051,3973
721,base,delete-tail,0,3,721;3290;5262,5262,1972
722,base,update-tail,1,9,722;1272;2712;3039;3118;4141;4142;5267;7276,7276,2009
723,base,update-tail,1,5,723;1277;4121;4978;6642,6642,1664
724,base,update-tail,1,9,724;1506;1624;1870;2524;2905;5692;7137;7302,7302,165
725,base,update-tail,1,5,725;1445;1493;2721;4672,4672,1951
726,base,update-tail,1,5,726;4594;5665;6182;7231,7231,1049
727,base,update-tail,1,6,727;2149;3190;5312;5934;6934,6934,1000
728,base,update-tail,1,10,728;2222;2390;2595;2988;3332;3927;4762;6814;6897,6897,83
729,base,update-tail,1,6,729;1617;1979;2367;3455;4034,4034,579
730,base,update-tail,1,8,730;1620;1953;3054;6493;6588;6921;7128,7128,207
731,base,update-tail,1,10,731;1508;1732;3334;3435;3672;5718;6061;6944;7224,7224,280
732,base,delete-tail,0,2,732;2548,2548,1816
733,base,update-tail,1,6,733;2629;2855;5336;5942;5966,5966,24
734,base,update-tail,1,9,734;1226;2534;2570;2676;3730;4161;6986;7272,7272,286
735,base,update-tail,1,4,735;3501;3850;4466,4466,616
736,base,delete-tail,0,5,736;2964;3003;4721;4846,4846,125
737,base,update-tail,1,10,737;3802;4102;4685;4708;4779;5888;6216;6438;7058,7058,620
738,base,update-tail,1,9,738;2062;3050;4496;4760;5118;5246;5428;5851,5851,423
739,base,update-tail,1,2,739;4843,4843,4104
740,base,update-tail,1,10,740;1408;1643;3199;3928;3947;4692;5013;5526;6722,6722,1196
741,base,update-tail,1,5,741;1327;3482;4832;5421,5421,589
742,base,delete-tail,0,7,742;2495;3882;5070;5685;6440;6737,6737,297
743,base,delete-tail,0,14,743;1316;1383;1778;2105;2539;2586;3128;3345;4345;4373;5390;5495;6754,6754,1259
744,base,update-tail,1,4,744;3918;3941;4598,4598,657
745,base,delete-tail,0,5,745;1968;2321;3597;4617,4617,1020
746,base,update-tail,1,2,746;2978,2978,2232
747,base,update-tail,1,3,747;6286;6354,6354,68
748,base,update-tail,1,7,748;1206;1432;1461;4637;5154;6964,6964,1810
749,base,update-tail,1,2,749;6937,6937,6188
750,base,update-tail,1,7,750;1663;2024;3905;4250;5440;5811,5811,371
751,base,delete-tail,0,2,751;6315,6315,5564
752,base,update-tail,1,2,752;4747,4747,3995
753,base,delete-tail,0,2,753;5969,5969,5216
754,base,update-tail,1,2,754;5516,5516,4762
755,base,reinsert-tail,1,9,755;2007;2562;2624;2776;3750;4616;4826;7239,7239,2413
756,base,update-tail,1,7,756;1773;2072;2823;5496;5720;6366,6366,646
757,base,update-tail,1,10,757;2911;3191;3346;4181;4211;4501;5821;6496;7350,7350,854
758,base,delete-tail,0,5,758;1471;2432;3630;6003,6003,2373
759,base,update-tail,1,16,759;1752;1768;1956;2022;2446;3591;3729;4312;4856;4996;5064;5388;5926;7048;7304,7304,256
760,base,update-tail,1,4,760;1845;3493;5293,5293,1800
761,base,update-tail,1,2,761;6475,6475,5714
762,base,update-tail,1,2,762;7308,7308,6546
763,base,delete-tail,0,2,763;3572,3572,2809
764,base,update-tail,1,5,764;2343;2433;2772;4999,4999,2227
765,base,update-tail,1,2,765;4040,4040,3275
766,base,update-tail,1,5,766;1890;3233;5947;6011,6011,64
767,base,update-tail,1,8,767;1640;2741;2815;4031;4618;5351;6847,6847,1496
768,base,delete-tail,0,5,768;1723;1802;2718;5921,5921,3203
769,base,update-tail,1,2,769;5411,5411,4642
770,base,delete-tail,0,12,770;1382;2561;3355;3980;4114;4344;4463;4727;6312;6549;6833,6833,284
771,base,delete-tail,0,6,771;1648;3058;3214;5194;6538,6538,1344
772,base,update-tail,1,7,772;1894;3550;3592;4127;4829;5818,5818,989
773,base,update-tail,1,5,773;3156;4368;5922;6406,6406,484
774,base,update-tail,1,2,774;3430,3430,2656
775,base,delete-tail,0,10,775;2340;2464;3658;3818;5152;5444;6070;6348;7227,7227,879
776,base,update-tail,1,8,776;3414;3808;4282;4755;5761;6623;6821,6821,198
777,base,delete-tail,0,4,777;1720;2753;3744,3744,991
778,base,delete-tail,0,3,778;2029;4328,4328,2299
779,base,reinsert-tail,1,4,779;2372;2514;7321,7321,4807
780,base,update-tail,1,6,780;1326;1520;5538;7002;7217,7217,215
781,base,delete-tail,0,5,781;1655;2092;2352;6648,6648,4296
782,base,update-tail,1,4,782;1556;2868;2884,2884,16
783,base,update-tail,1,10,783;1670;1685;5114;5245;5376;5542;5832;6244;6330,6330,86
784,base,update-tail,1,6,784;2690;2904;4568;4928;6775,6775,1847
785,base,delete-tail,0,9,785;1599;1902;1938;2411;3901;4761;5341;5530,5530,189
786,base,delete-tail,0,2,786;1988,1988,1202
787,base,update-tail,1,6,787;2930;5660;5713;6212;6429,6429,217
788,base,update-tail,1,5,788;2302;4646;6405;7080,7080,675
789,base,update-tail,1,5,789;1377;2916;6101;7352,7352,1251
790,base,update-tail,1,6,790;2054;2307;3206;4333;5396,5396,1063
791,base,update-tail,1,7,791;1919;1989;2112;3335;4305;6905,6905,2600
792,base,delete-tail,0,15,792;1309;1482;1507;1917;2293;3002;5010;5051;5326;5484;5609;6961;7259;7368,7368,109
793,base,update-tail,1,12,793;1791;1971;2452;2605;3685;3707;4896;5661;6251;6480;6748,6748,268
794,base,delete-tail,0,10,794;2202;2618;3761;3768;4322;4513;5251;5887;6696,6696,809
795,base,update-tail,1,6,795;1613;3244;5076;6563;7344,7344,781
796,base,update-tail,1,2,796;6262,6262,5466
797,base,delete-tail,0,10,797;1403;1751;2681;2848;3198;4931;5308;5901;6840,6840,939
798,base,update-tail,1,11,798;1546;1887;2442;2675;2935;4148;4300;5475;5582;6540,6540,958
799,base,update-tail,1,8,799;3271;3532;3763;4326;4695;5286;6359,6359,1073
800,base,update-tail,1,2,800;2839,2839,2039
801,base,update-tail,1,4,801;1763;2593;4118,4118,1525
802,base,update-tail,1,4,802;2173;2802;6306,6306,3504
803,base,update-tail,1,7,803;2628;3121;3950;4292;6295;6579,6579,284
804,base,update-tail,1,10,804;2430;2434;3144;3205;3365;3671;6202;6375;6559,6559,184
805,base,reinsert-tail,1,3,805;3807;4850,4850,1043
806,base,update-tail,1,4,806;5061;6222;6873,6873,651
807,base,reinsert-tail,1,5,807;2515;3686;4124;5796,5796,1672
808,base,update-tail,1,5,808;1653;2402;4446;5897,5897,1451
809,base,update-tail,1,13,809;1709;1962;3892;4388;4421;4514;4838;5413;5951;6292;6519;6919,6919,400
810,base,reinsert-tail,1,3,810;4783;7311,7311,2528
811,base,update-tail,1,8,811;1943;3090;3303;3799;5055;6591;6931,6931,340
812,base,update-tail,1,4,812;3561;5904;7258,7258,1354
813,base,update-tail,1,5,813;1967;5535;6192;7360,7360,1168
814,base,update-tail,1,5,814;1931;2824;3576;6093,6093,2517
815,base,update-tail,1,9,815;3084;4472;5126;5442;5689;6412;6491;6966,6966,475
816,base,update-tail,1,3,816;2250;4168,4168,1918
817,base,update-tail,1,4,817;2683;3577;4006,4006,429
818,base,delete-tail,0,10,818;1441;1621;1856;2531;3148;3503;3539;5177;5455,5455,278
819,base,update-tail,1,2,819;1371,1371,552
820,base,update-tail,1,6,820;2259;3012;3173;5712;5827,5827,115
821,base,update-tail,1,3,821;3988;4977,4977,989
822,base,update-tail,1,2,822;5207,5207,4385
823,base,update-tail,1,15,823;1209;1758;2235;3044;3527;4816;4861;5392;6178;6309;6558;6734;6739;6945,6945,206
824,base,update-tail,1,8,824;1332;1568;5655;6332;6675;7130;7204,7204,74
825,base,delete-tail,0,2,825;1884,1884,1059
826,base,reinsert-tail,1,4,826;2138;2380;5918,5918,3538
827,base,update-tail,1,8,827;2122;3192;3844;5103;5429;5779;5956,5956,177
828,base,update-tail,1,28,828;1660;1892;1950;2085;2150;2179;2318;2733;3070;3085;3301;3339;3852;3902;4242;4512;4787;4979;5823;5878;6607;6645;6815;6861;7031;7216;7230,7230,14
829,base,update-tail,1,5,829;2822;4007;6980;7158,7158,178
830,base,delete-tail,0,2,830;1667,1667,837
831,base,update-tail,1,5,831;2102;4792;4865;6533,6533,1668
832,base,delete-tail,0,2,832;2820,2820,1988
833,base,update-tail,1,7,833;1701;2938;3258;3615;4240;6250,6250,2010
834,base,delete-tail,0,3,834;1725;3444,3444,1719
835,base,update-tail,1,2,835;5020,5020,4185
836,base,update-tail,1,22,836;1229;1517;1748;1771;1928;3310;3314;3402;3474;3536;4235;4351;4590;5084;5265;5329;5358;5556;5606;5668;6996,6996,1328
837,base,delete-tail,0,6,837;2349;2807;3163;4881;5157,5157,276
838,base,update-tail,1,3,838;2190;4120,4120,1930
839,base,update-tail,1,7,839;1353;3182;3470;4158;5065;5957,5957,892
840,base,update-tail,1,2,840;3321,3321,2481
841,base,delete-tail,0,8,841;1806;2769;2917;3580;5575;5639;7146,7146,1507
842,base,update-tail,1,5,842;2992;3559;5210;6811,6811,1601
843,base,update-tail,1,4,843;1807;5038;6368,6368,1330
844,base,update-tail,1,11,844;2304;2714;2880;3954;4133;4548;4565;4844;6148;7131,7131,983
845,base,update-tail,1,4,845;1908;2944;6555,6555,3611
846,base,update-tail,1,2,846;6923,6923,6077
847,base,update-tail,1,2,847;1274,1274,427
848,base,update-tail,1,6,848;4567;4733;5188;5829;6261,6261,432
849,base,update-tail,1,5,849;4085;5117;6668;6906,6906,238
850,base,update-tail,1,4,850;2038;5566;6687,6687,1121
851,base,delete-tail,0,4,851;1575;5995;6000,6000,5
852,base,delete-tail,0,3,852;2427;2575,2575,148
853,base,update-tail,1,7,853;1378;2889;2959;5489;6217;6310,6310,93
854,base,delete-tail,0,5,854;3476;5408;5459;7087,7087,1628
855,base,delete-tail,0,3,855;1263;5406,5406,4143
856,base,delete-tail,0,4,856;3811;4256;4498,4498,242
857,base,update-tail,1,2,857;5116,5116,4259
858,base,reinsert-tail,1,8,858;2943;3377;3689;3856;4383;4966;5905,5905,939
859,base,update-tail,1,2,859;2765,2765,1906
860,base,update-tail,1,7,860;2328;3667;5352;5502;5863;5871,5871,8
861,base,update-tail,1,4,861;1941;2127;4047,4047,1920
862,base,update-tail,1,4,862;5755;6550;7124,7124,574
863,base,update-tail,1,19,863;1391;2192;2636;3718;4234;4265;4691;4738;4772;5160;5300;5671;6297;6498;7013;7017;7225;7343,7343,118
864,base,update-tail,1,8,864;2003;2615;3113;3717;5567;5773;6522,6522,749
865,base,update-tail,1,6,865;3605;4448;5242;5451;6610,6610,1159
866,base,update-tail,1,3,866;1435;3868,3868,2433
867,base,update-tail,1,5,867;3531;4983;5375;5737,5737,362
868,base,update-tail,1,3,868;3095;3447,3447,352
869,base,update-tail,1,3,869;4429;5490,5490,1061
870,base,update-tail,1,4,870;2342;4520;4643,4643,123
871,base,update-tail,1,5,871;2199;2745;4036;6970,6970,2934
872,base,update-tail,1,2,872;5852,5852,4980
873,base,update-tail,1,6,873;4956;5208;5460;6426;6958,6958,532
874,base,update-tail,1,10,874;1481;3151;3926;4791;4797;4995;5371;5499;5673,5673,174
875,base,update-tail,1,3,875;5775;6788,6788,1013
876,base,update-tail,1,2,876;3187,3187,2311
877,base,delete-tail,0,3,877;3506;5276,5276,1770
878,base,update-tail,1,3,878;4509;4725,4725,216
879,base,update-tail,1,2,879;2665,2665,1786
880,base,update-tail,1,19,880;1246;1439;1488;1632;1659;1681;1750;1846;2555;3417;3521;4005;4657;5129;5323;5594;6883;7353,7353,470
881,base,update-tail,1,9,881;3340;3810;3916;4096;4823;5620;5877;6080,6080,203
882,base,delete-tail,0,6,882;3281;4249;4339;6343;6528,6528,185
883,base,update-tail,1,10,883;1844;2346;2492;4014;4247;4541;4973;5037;5504,5504,467
884,base,delete-tail,0,4,884;1518;1706;2398,2398,692
885,base,update-tail,1,10,885;2728;3478;4062;4392;4892;5182;5212;6562;6710,6710,148
886,base,update-tail,1,9,886;3043;3209;3841;4871;5257;5281;5936;6729,6729,793
887,base,update-tail,1,4,887;2023;4066;5617,5617,1551
888,base,update-tail,1,3,888;3034;3251,3251,217
889,base,update-tail,1,3,889;4403;4723,4723,320
890,base,update-tail,1,7,890;1203;1668;1934;3449;5080;5511,5511,431
891,base,delete-tail,0,3,891;3989;4491,4491,502
892,base,update-tail,1,5,892;1418;1479;6625;6690,6690,65
893,base,update-tail,1,4,893;5043;5397;7222,7222,1825
894,base,update-tail,1,3,894;6068;6809,6809,741
895,base,reinsert-tail,1,5,895;1390;2163;4811;6399,6399,1588
896,base,update-tail,1,2,896;7203,7203,6307
897,base,update-tail,1,3,897;1918;5902,5902,3984
898,base,reinsert-tail,1,4,898;2262;2453;3218,3218,765
899,base,update-tail,1,8,899;4457;5424;5729;6453;6647;6794;7290,7290,496
900,base,delete-tail,0,7,900;1288;2668;2727;4086;6030;6750,6750,720
901,base,delete-tail,0,4,901;1715;2898;3440,3440,542
902,base,update-tail,1,11,902;1393;1861;2677;2867;3723;4544;4965;5230;5282;6108,6108,826
903,base,update-tail,1,7,903;4020;4150;4169;4307;5151;5831,5831,680
904,base,update-tail,1,12,904;1553;2977;3297;3499;3945;4019;4264;5057;5272;6896;6932,6932,36
905,base,update-tail,1,4,905;3834;5176;5463,5463,287
906,base,update-tail,1,5,906;3168;3674;5776;6799,6799,1023
907,base,update-tail,1,10,907;1448;1852;2277;3010;5607;6237;6285;6684;7282,7282,598
908,base,update-tail,1,3,908;1889;5828,5828,3939
909,base,update-tail,1,3,909;1440;3035,3035,1595
910,base,update-tail,1,7,910;1607;3570;3610;4517;5739;6114,6114,375
911,base,delete-tail,0,4,911;1749;2326;4080,4080,1754
912,base,update-tail,1,3,912;3093;4025,4025,932
913,base,update-tail,1,6,913;3001;5303;5629;5691;7219,7219,1528
914,base,update-tail,1,2,914;2797,2797,1883
915,base,update-tail,1,7,915;1299;1559;1895;2012;5093;6864,6864,1771
916,base,update-tail,1,2,916;6257,6257,5341
917,base,update-tail,1,7,917;3283;3650;5834;6010;6225;6272,6272,47
918,base,delete-tail,0,2,918;7093,7093,6175
919,base,update-tail,1,2,919;6069,6069,5150
920,base,update-tail,1,7,920;2948;3736;4964;5147;5745;6781,6781,1036
921,base,delete-tail,0,3,921;1770;3656,3656,1886
922,base,update-tail,1,7,922;1358;4489;4752;4867;6235;6941,6941,706
923,base,update-tail,1,3,923;3766;7281,7281,3515
924,base,update-tail,1,2,924;5830,5830,4906
925,base,update-tail,1,5,925;2965;4073;5168;5284,5284,116
926,base,update-tail,1,3,926;2233;2768,2768,535
927,base,update-tail,1,6,927;1961;3124;4016;5235;6523,6523,1288
928,base,update-tail,1,6,928;1459;1588;1935;2198;2873,2873,675
929,base,delete-tail,0,11,929;1301;2981;3060;3765;4004;4241;4542;5426;5711;6127,6127,416
930,base,update-tail,1,9,930;1289;2045;2260;3483;4217;4941;6307;6707,6707,400
931,base,update-tail,1,9,931;1414;1804;3845;4251;5268;5439;6205;6597,6597,392
932,base,update-tail,1,2,932;3038,3038,2106
933,base,update-tail,1,2,933;3923,3923,2990
934,base,update-tail,1,19,934;2113;2207;2449;2892;2894;4143;4271;4347;4863;4948;5240;5310;6017;6172;6177;6186;6228;6698,6698,470
935,base,reinsert-tail,1,8,935;1743;2275;4273;4955;5196;5561;7139,7139,1578
936,base,update-tail,1,13,936;1756;2509;3353;3910;3974;4688;4989;5131;5758;6246;6370;6630,6630,260
937,base,update-tail,1,3,937;3925;5571,5571,1646
938,base,update-tail,1,4,938;1266;2361;4321,4321,1960
939,base,delete-tail,0,11,939;1344;1526;1757;1947;2309;2653;2722;3534;4306;4504,4504,198
940,base,update-tail,1,3,940;3138;5486,5486,2348
941,base,update-tail,1,3,941;1812;7162,7162,5350
942,base,update-tail,1,3,942;5346;7391,7391,2045
943,base,update-tail,1,3,943;5030;7016,7016,1986
944,base,update-tail,1,4,944;3724;5925;7383,7383,1458
945,base,delete-tail,0,14,945;2579;2804;2878;3413;3778;3943;4255;5384;5778;6193;6700;6702;6988,6988,286
946,base,update-tail,1,2,946;1296,1296,350
947,base,update-tail,1,8,947;1776;1824;2737;2853;3682;4528;4915,4915,387
948,base,update-tail,1,13,948;1590;1843;2218;2373;2608;2610;3036;5259;6360;6674;7061;7185,7185,124
949,base,delete-tail,0,2,949;2827,2827,1878
950,base,update-tail,1,2,950;5306,5306,4356
951,base,delete-tail,0,2,951;1433,1433,482
952,base,update-tail,1,2,952;7132,7132,6180
953,base,update-tail,1,5,953;1370;4886;5441;5941,5941,500
954,base,update-tail,1,3,954;2697;3627,3627,930
955,base,update-tail,1,2,955;1601,1601,646
956,base,update-tail,1,4,956;4726;5630;5789,5789,159
957,base,update-tail,1,2,957;3745,3745,2788
958,base,update-tail,1,5,958;2599;3200;4780;6384,6384,1604
959,base,update-tail,1,2,959;3406,3406,2447
960,base,update-tail,1,7,960;3604;3739;4269;4394;5875;7083,7083,1208
961,base,update-tail,1,2,961;6842,6842,5881
962,base,update-tail,1,3,962;1221;4246,4246,3025
963,base,update-tail,1,6,963;1991;3839;4386;5302;6336,6336,1034
964,base,update-tail,1,2,964;1976,1976,1012
965,base,delete-tail,0,7,965;1413;1651;2851;3388;4827;5676,5676,849
966,base,update-tail,1,4,966;6621;6984;7091,7091,107
967,base,update-tail,1,18,967;1999;2043;2244;2626;2966;3046;3295;3480;4253;4391;4497;4679;4704;6345;6824;7024;7285,7285,261
968,base,update-tail,1,2,968;1580,1580,612
969,base,update-tail,1,10,969;1365;1565;2778;3477;3968;4286;4925;6036;6681,6681,645
970,base,update-tail,1,5,970;2475;4331;7346;7387,7387,41
971,base,update-tail,1,16,971;1730;2139;2314;2347;2783;3540;3596;5128;5491;6483;6992;7086;7248;7262;7283,7283,21
972,base,update-tail,1,8,972;1987;3822;4650;5180;5614;6056;6928,6928,872
973,base,update-tail,1,15,973;2353;2440;2726;3025;3404;3496;4177;4817;5220;5978;6470;6508;6622;6817,6817,195
974,base,update-tail,1,8,974;1537;2178;2704;3132;5806;6353;7154,7154,801
975,base,reinsert-tail,1,4,975;2467;3078;6391,6391,3313
976,base,update-tail,1,10,976;1822;2447;2909;3858;4327;5079;5149;5554;7032,7032,1478
977,base,update-tail,1,3,977;4280;7018,7018,2738
978,base,update-tail,1,3,978;5213;7245,7245,2032
979,base,delete-tail,0,2,979;3256,3256,2277
980,base,update-tail,1,8,980;2673;2749;3171;4299;5653;6388;6403,6403,15
981,base,update-tail,1,2,981;3375,3375,2394
982,base,update-tail,1,2,982;2276,2276,1294
983,base,update-tail,1,10,983;1310;1352;2508;3220;3225;4833;5570;6951;7088,7088,137
984,base,update-tail,1,3,984;2301;7040,7040,4739
985,base,update-tail,1,3,985;3329;5889,5889,2560
986,base,update-tail,1,2,986;1724,1724,738
987,base,update-tail,1,2,987;2089,2089,1102
988,base,reinsert-tail,1,10,988;1219;2283;2623;3544;3609;3711;3712;6095;7229,7229,1134
989,base,update-tail,1,6,989;2484;2602;4092;4200;5077,5077,877
990,base,delete-tail,0,7,990;1483;3057;3324;3648;5107;6327,6327,1220
991,base,update-tail,1,3,991;1951;4106,4106,2155
992,base,update-tail,1,6,992;2397;2471;4697;6501;6785,6785,284
993,base,update-tail,1,2,993;4003,4003,3010
994,base,update-tail,1,2,994;4591,4591,3597
995,base,update-tail,1,5,995;3117;4962;4982;5663,5663,681
996,base,update-tail,1,2,996;5862,5862,4866
997,base,update-tail,1,9,997;1811;3175;3399;4622;5004;5069;5736;6287,6287,551
998,base,update-tail,1,2,998;5754,5754,4756
999,base,update-tail,1,7,999;4084;4909;6419;6511;6810;7163,7163,353
1000,base,update-tail,1,2,1000;5800,5800,4800
1001,base,update-tail,1,9,1001;2103;2115;2344;2438;4559;5437;5550;6383,6383,833
1002,base,delete-tail,0,4,1002;1476;1735;6042,6042,4307
1003,base,update-tail,1,4,1003;3898;4836;4997,4997,161
1004,base,update-tail,1,2,1004;3770,3770,2766
1005,base,update-tail,1,6,1005;2445;2763;4378;4740;5825,5825,1085
1006,base,update-tail,1,3,1006;1230;1511,1511,281
1007,base,delete-tail,0,9,1007;1849;1922;3265;3637;3752;4480;4895;6044,6044,1149
1008,base,update-tail,1,3,1008;1490;6876,6876,5386
1009,base,update-tail,1,3,1009;2107;4603,4603,2496
1010,base,delete-tail,0,4,1010;4423;5366;5416,5416,50
1011,base,delete-tail,0,3,1011;3016;3252,3252,236
1012,base,update-tail,1,4,1012;6703;6927;7404,7404,477
1013,base,update-tail,1,4,1013;4959;5564;6037,6037,473
1014,base,update-tail,1,8,1014;1679;1688;2249;4418;4712;5018;7324,7324,2306
1015,base,reinsert-tail,1,8,1015;2104;3410;3878;4206;5438;5687;6989,6989,1302
1016,base,update-tail,1,7,1016;2303;3515;3517;5634;5724;6143,6143,419
1017,base,update-tail,1,2,1017;1509,1509,492
1018,base,reinsert-tail,1,5,1018;1503;2408;5052;7234,7234,2182
1019,base,update-tail,1,4,1019;3636;3921;6179,6179,2258
1020,base,update-tail,1,2,1020;2399,2399,1379
1021,base,update-tail,1,4,1021;6537;6661;7014,7014,353
1022,base,reinsert-tail,1,5,1022;2556;3894;4063;6524,6524,2461
1023,base,update-tail,1,2,1023;4390,4390,3367
1024,base,update-tail,1,3,1024;2729;7223,7223,4494
1025,base,update-tail,1,2,1025;4165,4165,3140
1026,base,delete-tail,0,3,1026;3479;5006,5006,1527
1027,base,update-tail,1,4,1027;3967;4245;5016,5016,771
1028,base,update-tail,1,4,1028;3092;5820;6543,6543,723
1029,base,update-tail,1,10,1029;1207;1290;1815;4786;5747;6161;6995;7125;7322,7322,197
1030,base,update-tail,1,3,1030;1449;5232,5232,3783
1031,base,update-tail,1,3,1031;2204;5096,5096,2892
1032,base,update-tail,1,12,1032;1329;1521;2285;3106;4435;5206;5908;5998;6367;7328;7336,7336,8
1033,base,update-tail,1,4,1033;2180;3644;6443,6443,2799
1034,base,update-tail,1,7,1034;1835;2109;2186;2622;3237;3273,3273,36
1035,base,update-tail,1,3,1035;2656;3313,3313,657
1036,base,update-tail,1,5,1036;1840;2128;3288;3740,3740,452
1037,base,delete-tail,0,4,1037;3683;3786;4071,4071,285
1038,base,update-tail,1,2,1038;5874,5874,4836
1039,base,update-tail,1,3,1039;2924;6097,6097,3173
1040,base,update-tail,1,3,1040;1744;4969,4969,3225
1041,base,update-tail,1,4,1041;1551;5400;6959,6959,1559
1042,base,update-tail,1,4,1042;1502;2865;3096,3096,231
1043,base,update-tail,1,7,1043;1966;3045;4134;6829;7197;7390,7390,193
1044,base,delete-tail,0,2,1044;3825,3825,2781
1045,base,update-tail,1,15,1045;1675;1719;2214;2405;3077;3235;3558;3680;3999;4101;4425;4849;5457;6972,6972,1515
1046,base,update-tail,1,5,1046;4900;5500;6509;6758,6758,249
1047,base,update-tail,1,3,1047;4100;5350,5350,1250
1048,base,update-tail,1,5,1048;3259;5395;5880;5987,5987,107
1049,base,update-tail,1,14,1049;1859;2731;2759;2816;2888;2934;3338;4627;4975;5590;7025;7354;7367,7367,13
1050,base,update-tail,1,3,1050;4807;4820,4820,13
1051,base,update-tail,1,4,1051;3304;5025;6432,6432,1407
1052,base,update-tail,1,7,1052;1298;1657;1692;2874;3924;5250,5250,1326
1053,base,update-tail,1,2,1053;7082,7082,6029
1054,base,update-tail,1,5,1054;2097;2547;5254;6646,6646,1392
1055,base,update-tail,1,3,1055;5638;6026,6026,388
1056,base,update-tail,1,10,1056;1936;2171;2187;2832;2940;2996;3737;6254;6507,6507,253
1057,base,reinsert-tail,1,3,1057;2631;6552,6552,3921
1058,base,update-tail,1,3,1058;3495;6294,6294,2799
1059,base,delete-tail,0,8,1059;2404;3316;3463;4436;5040;5681;5952,5952,271
1060,base,update-tail,1,6,1060;1542;1978;5461;6653;7240,7240,587
1061,base,reinsert-tail,1,10,1061;1303;1818;2261;3932;4009;4407;4751;5027;7198,7198,2171
1062,base,update-tail,1,3,1062;1492;1927,1927,435
1063,base,update-tail,1,14,1063;1733;2034;2070;3155;3553;3920;4037;4494;5112;5527;5842;6593;7007,7007,414
1064,base,update-tail,1,22,1064;1284;1386;1453;2030;2414;2780;3203;3429;3973;4026;4103;4536;5321;5670;5791;6301;6423;6725;6792;6950;6985,6985,35
1065,base,update-tail,1,4,1065;3101;4632;6364,6364,1732
1066,base,update-tail,1,2,1066;2849,2849,1783
1067,base,update-tail,1,3,1067;2881;7129,7129,4248
1068,base,update-tail,1,3,1068;1638;2323,2323,685
1069,base,update-tail,1,10,1069;1401;2576;2719;3059;4433;5032;5420;6066;6492,6492,426
1070,base,update-tail,1,5,1070;1480;3569;4958;6759,6759,1801
1071,base,reinsert-tail,1,3,1071;1376;5879,5879,4503
1072,base,update-tail,1,28,1072;1210;2065;2148;2470;3055;3110;3457;3524;3541;3747;4152;4208;4428;4947;5072;5075;5121;5193;5780;5816;6120;6137;6334;6539;6689;6800;7232,7232,432
1073,base,update-tail,1,13,1073;1834;3062;3312;3646;3934;3966;4356;4461;4756;5948;6631;7389,7389,758
1074,base,update-tail,1,5,1074;1237;1538;4919;4985,4985,66
1075,base,delete-tail,0,4,1075;1779;2221;4224,4224,2003
1076,base,update-tail,1,3,1076;2578;4575,4575,1997
1077,base,update-tail,1,8,1077;1333;2617;2834;3260;3568;4130;4584,4584,454
1078,base,update-tail,1,14,1078;2063;2830;3065;3249;3306;3959;4613;4665;5046;5234;5714;6020;6379,6379,359
1079,base,update-tail,1,4,1079;1347;2630;4666,4666,2036
1080,base,update-tail,1,9,1080;1700;1833;2418;2588;4525;5586;6018;6090,6090,72
1081,base,update-tail,1,3,1081;4493;5943,5943,1450
1082,base,delete-tail,0,5,1082;1438;2472;5979;6025,6025,46
1083,base,update-tail,1,2,1083;1939,1939,856
1084,base,update-tail,1,14,1084;1400;1990;2077;2419;3040;3213;3513;3830;4219;5616;6195;6738;7316,7316,578
1085,base,update-tail,1,2,1085;7059,7059,5974
1086,base,update-tail,1,4,1086;1457;2226;6682,6682,4456
1087,base,update-tail,1,2,1087;2921,2921,1834
1088,base,update-tail,1,11,1088;2590;2801;3248;3468;3907;4381;4502;5656;5839;6756,6756,917
1089,base,update-tail,1,9,1089;1331;3170;3330;3681;3749;4700;5906;7049,7049,1143
1090,base,update-tail,1,3,1090;2748;5604,5604,2856
1091,base,update-tail,1,4,1091;3202;3670;5034,5034,1364
1092,base,update-tail,1,8,1092;2496;2651;4176;5099;5248;5507;6527,6527,1020
1093,base,update-tail,1,5,1093;5007;5763;6568;6845,6845,277
1094,base,update-tail,1,2,1094;2800,2800,1706
1095,base,update-tail,1,2,1095;4379,4379,3284
1096,base,update-tail,1,3,1096;4561;4994,4994,433
1097,base,delete-tail,0,9,1097;2006;2093;4105;4917;5068;5140;5980;6454,6454,474
1098,base,reinsert-tail,1,3,1098;1415;6266,6266,4851
1099,base,update-tail,1,7,1099;1848;3507;3887;5110;5666;6877,6877,1211
1100,base,delete-tail,0,3,1100;2215;4834,4834,2619
1101,base,update-tail,1,4,1101;3776;4640;6064,6064,1424
1102,base,update-tail,1,4,1102;1241;6055;6783,6783,728
1103,base,update-tail,1,3,1103;1764;2157,2157,393
1104,base,update-tail,1,15,1104;1577;1911;2060;2469;2958;3247;4024;4097;4167;5253;5600;6054;6411;6500,6500,89
1105,base,update-tail,1,2,1105;6546,6546,5441
1106,base,update-tail,1,8,1106;2052;2272;3389;4059;5572;6209;6278,6278,69
1107,base,update-tail,1,2,1107;4164,4164,3057
1108,base,update-tail,1,5,1108;2732;3897;5380;6676,6676,1296
1109,base,update-tail,1,5,1109;2162;2813;4042;5715,5715,1673
1110,base,update-tail,1,3,1110;2050;5360,5360,3310
1111,base,update-tail,1,8,1111;2481;4325;4879;5402;5929;6766;6979,6979,213
1112,base,update-tail,1,16,1112;1428;2357;2370;3308;3800;3929;4223;4288;4533;4677;5381;5398;5748;5857;6233,6233,376
1113,base,update-tail,1,4,1113;3286;3819;5033,5033,1214
1114,base,reinsert-tail,1,6,1114;1920;3631;4056;4601;7279,7279,2678
1115,base,update-tail,1,7,1115;2601;3167;3185;4398;4707;5120,5120,413
1116,base,update-tail,1,7,1116;1245;1642;2572;3136;3276;5387,5387,2111
1117,base,update-tail,1,6,1117;1609;2049;2069;5994;7335,7335,1341
1118,base,update-tail,1,8,1118;2205;3011;3022;3048;3504;4729;5817,5817,1088
1119,base,delete-tail,0,8,1119;2296;2410;3647;3851;4027;4510;4570,4570,60
1120,base,update-tail,1,6,1120;1704;1741;2037;5332;6434,6434,1102
1121,base,update-tail,1,2,1121;3067,3067,1946
1122,base,delete-tail,0,10,1122;1512;2165;2428;3014;3236;3771;4039;4135;4350,4350,215
1123,base,delete-tail,0,9,1123;1360;1639;2028;3469;3798;4855;5893;6581,6581,688
1124,base,update-tail,1,13,1124;1236;2581;2692;2784;3431;3899;4267;5198;5458;6023;7069;7312,7312,243
1125,base,update-tail,1,2,1125;6786,6786,5661
1126,base,update-tail,1,5,1126;2217;3629;4954;7155,7155,2201
1127,base,reinsert-tail,1,5,1127;1510;2648;4082;5963,5963,1881
1128,base,reinsert-tail,1,3,1128;1786;7252,7252,5466
1129,base,delete-tail,0,2,1129;2511,2511,1382
1130,base,reinsert-tail,1,3,1130;2955;5197,5197,2242
1131,base,update-tail,1,2,1131;1647,1647,516
1132,base,update-tail,1,5,1132;2203;3152;5462;5798,5798,336
1133,base,delete-tail,0,2,1133;7009,7009,5876
1134,base,update-tail,1,3,1134;2359;5087,5087,2728
1135,base,update-tail,1,6,1135;2067;2485;4367;4785;5664,5664,879
1136,base,update-tail,1,7,1136;3784;4072;4612;5782;6576;6599,6599,23
1137,base,reinsert-tail,1,6,1137;1912;2020;2642;3294;4986,4986,1692
1138,base,update-tail,1,2,1138;5642,5642,4504
1139,base,update-tail,1,3,1139;2300;5465,5465,3165
1140,base,delete-tail,0,4,1140;1592;3053;3193,3193,140
1141,base,delete-tail,0,2,1141;3793,3793,2652
1142,base,reinsert-tail,1,9,1142;1300;1465;2116;2151;2915;3827;5728;6910,6910,1182
1143,base,delete-tail,0,2,1143;3623,3623,2480
1144,base,update-tail,1,2,1144;6191,6191,5047
1145,base,update-tail,1,2,1145;3542,3542,2397
1146,base,update-tail,1,7,1146;1340;3612;3998;4397;4440;5772,5772,1332
1147,base,update-tail,1,2,1147;3278,3278,2131
1148,base,update-tail,1,5,1148;4089;4782;6321;6377,6377,56
1149,base,update-tail,1,2,1149;6145,6145,4996
1150,base,update-tail,1,3,1150;1250;2674,2674,1424
1151,base,update-tail,1,3,1151;3979;5049,5049,1070
1152,base,update-tail,1,2,1152;1536,1536,384
1153,base,update-tail,1,2,1153;3018,3018,1865
1154,base,update-tail,1,4,1154;4229;5619;5753,5753,134
1155,base,update-tail,1,2,1155;2401,2401,1246
1156,base,update-tail,1,8,1156;1896;2176;2785;3586;5892;6034;6414,6414,380
1157,base,update-tail,1,9,1157;1364;2158;2843;2933;3094;3166;3915;5477,5477,1562
1158,base,delete-tail,0,4,1158;1888;2424;5861,5861,3437
1159,base,update-tail,1,2,1159;5700,5700,4541
1160,base,update-tail,1,2,1160;6875,6875,5715
1161,base,delete-tail,0,5,1161;1222;1842;2863;5191,5191,2328
1162,base,delete-tail,0,4,1162;2053;2744;2876,2876,132
1163,base,update-tail,1,7,1163;1497;2086;2393;4763;5227;6899,6899,1672
1164,base,update-tail,1,11,1164;1254;2473;2742;3147;3287;5295;5658;6974;7148;7189,7189,41
1165,base,reinsert-tail,1,3,1165;2525;3829,3829,1304
1166,base,reinsert-tail,1,8,1166;1564;2080;4862;4878;4957;5050;6088,6088,1038
1167,base,update-tail,1,4,1167;3552;5996;6258,6258,262
1168,base,update-tail,1,2,1168;4887,4887,3719
1169,base,delete-tail,0,3,1169;2859;4486,4486,1627
1170,base,update-tail,1,7,1170;2134;4220;4458;5028;5228;6916,6916,1688
1171,base,update-tail,1,6,1171;3972;3990;4178;4655;7284,7284,2629
1172,base,update-tail,1,6,1172;1711;2989;3068;3816;5373,5373,1557
1173,base,update-tail,1,3,1173;4342;4399,4399,57
1174,base,update-tail,1,12,1174;1379;2758;3362;4132;4555;4569;4686;4848;6057;6773;7249,7249,476
1175,base,update-tail,1,4,1175;1925;4196;7109,7109,2913
1176,base,delete-tail,0,9,1176;1404;2263;4081;4173;4185;4633;5990;6396,6396,406
1177,base,update-tail,1,2,1177;5334,5334,4157
1178,base,delete-tail,0,3,1178;4201;4382,4382,181
1179,base,update-tail,1,13,1179;1306;1470;1783;2417;2922;3133;4198;4426;5304;5574;6027;7310,7310,1283
1180,base,update-tail,1,3,1180;3143;4810,4810,1667
1181,base,delete-tail,0,9,1181;1262;2331;4495;4642;4744;5573;6655;6808,6808,153
1182,base,update-tail,1,12,1182;1714;2799;2993;3230;4972;5965;6259;6277;6525;6804;6929,6929,125
1183,base,update-tail,1,4,1183;2188;2775;7023,7023,4248
1184,base,update-tail,1,10,1184;3169;3792;4160;4876;4946;5690;6541;6915;7264,7264,349
1185,base,update-tail,1,2,1185;7052,7052,5867
1186,base,update-tail,1,4,1186;1875;3866;6626,6626,2760
1187,base,update-tail,1,8,1187;2016;2566;2806;4214;5139;5219;7164,7164,1945
1188,base,update-tail,1,4,1188;2463;6281;7110,7110,829
1189,base,update-tail,1,3,1189;1810;5650,5650,3840
1190,base,delete-tail,0,2,1190;3969,3969,2779
1191,base,update-tail,1,2,1191;4456,4456,3265
1192,base,update-tail,1,2,1192;4304,4304,3112
1193,base,update-tail,1,3,1193;2000;6091,6091,4091
1194,base,update-tail,1,3,1194;4284;6589,6589,2305
1195,base,delete-tail,0,4,1195;6125;6768;6924,6924,156
1196,base,update-tail,1,4,1196;4907;5498;6163,6163,665
1197,base,update-tail,1,7,1197;3017;3197;3824;4218;6374;6446,6446,72
1198,base,update-tail,1,16,1198;1314;1504;2382;2717;2841;3460;4011;4032;4939;4970;5911;5927;6046;6288;6652,6652,364
1199,base,update-tail,1,2,1199;3975,3975,2776
1200,base,update-tail,1,8,1200;1369;2266;3464;5628;5919;5950;6110,6110,160
1201,insert,reinsert-tail,1,6,2197;3107;4410;4684;6031;6318,6318,287
1202,insert,update-tail,1,4,1395;2056;5036;7004,7004,1968
1203,insert,update-tail,1,2,1829;1869,1869,40
1204,insert,update-tail,1,7,1983;3211;4104;4479;5536;6174;7218,7218,1044
1205,insert,update-tail,1,9,1528;1554;2687;3640;3831;4515;5330;5436;6358,6358,922
1206,insert,delete-tail,0,3,1708;2486;3405,3405,919
1207,insert,update-tail,1,9,2926;3587;4628;4724;5367;7111;7251;7277;7403,7403,126
1208,insert,update-tail,1,3,2201;3964;4885,4885,921
1209,insert,update-tail,1,4,1485;5876;6717;7159,7159,442
1210,insert,update-tail,1,4,2312;6164;6671;7094,7094,423
1211,insert,reinsert-tail,1,10,1637;1814;2185;2213;2286;4140;4545;6238;7167;7247,7247,80
1212,insert,update-tail,1,16,1862;1960;2257;2695;3091;3360;3938;4061;4349;5098;5837;6252;6279;6495;6583;7151,7151,568
1213,insert,update-tail,1,2,1837;4227,4227,2390
1214,insert,update-tail,1,2,7044;7165,7165,121
1215,insert,delete-tail,0,9,1475;1543;1680;2984;4888;5487;6574;6790;6851,6851,61
1216,insert,update-tail,1,2,3267;4696,4696,1429
1217,insert,update-tail,1,2,2974;5215,5215,2241
1218,insert,delete-tail,0,13,1406;1463;2228;2640;4182;4202;4537;4694;4732;5492;6033;6236;6553,6553,317
1219,insert,reinsert-tail,1,14,1302;1321;3445;3611;3727;3984;4051;4582;4769;5744;5804;5964;6585;7029,7029,444
1220,insert,reinsert-tail,1,12,1710;1982;2130;3349;4139;4746;4766;4961;5529;5808;6141;6709,6709,568
1221,insert,update-tail,1,9,1544;1567;2036;2182;2526;4270;4924;5175;6658,6658,1483
1222,insert,update-tail,1,3,1384;3502;5605,5605,2103
1223,insert,update-tail,1,13,1774;2239;2491;3864;4015;5283;5435;5471;5693;5794;6628;6753;6870,6870,117
1224,insert,update-tail,1,2,3385;5374,5374,1989
1225,insert,delete-tail,0,9,1534;2073;2584;2786;2852;4028;4361;5643;6398,6398,755
1226,insert,update-tail,1,2,1671;6357,6357,4686
1227,insert,update-tail,1,3,3993;4197;5447,5447,1250
1228,insert,update-tail,1,5,2406;4380;4508;4639;5807,5807,1168
1229,insert,update-tail,1,6,1716;2994;3987;5558;6640;7156,7156,516
1230,insert,update-tail,1,8,1417;1527;2756;3391;4354;4737;6633;6679,6679,46
1231,insert,delete-tail,0,13,1387;1797;1942;2159;2181;2450;2569;3487;4030;4477;4890;6347;6699,6699,352
1232,insert,reinsert-tail,1,10,2833;3571;3933;4560;4647;4922;5777;5810;6098;6907,6907,809
1233,insert,reinsert-tail,1,4,1500;2121;3134;6488,6488,3354
1234,insert,update-tail,1,9,2142;3186;4580;5125;5472;5869;6514;6784;7028,7028,244
1235,insert,update-tail,1,10,2455;3227;3396;3836;4781;5024;5866;6465;6515;6602,6602,87
1236,insert,update-tail,1,2,1255;4532,4532,3277
1237,insert,update-tail,1,6,1539;4658;4991;5913;6844;7291,7291,447
1238,insert,update-tail,1,8,1243;1467;3585;3828;4734;6221;7253;7356,7356,103
1239,insert,update-tail,1,3,3109;5048;5849,5849,801
1240,insert,update-tail,1,4,2108;2897;4320;7143,7143,2823
1241,insert,update-tail,1,13,2700;4230;4451;5150;5624;6342;6350;6567;6982;7045;7141;7246;7384,7384,138
1242,insert,update-tail,1,3,1477;1612;5742,5742,4130
1243,insert,update-tail,1,10,1398;1871;1932;2890;4828;5593;6260;6283;6378;6521,6521,143
1244,insert,update-tail,1,5,1975;3821;4531;4564;6062,6062,1498
1245,insert,update-tail,1,5,2755;5578;6351;6395;7192,7192,797
1246,insert,delete-tail,0,3,1346;3533;3753,3753,220
1247,insert,delete-tail,0,15,1295;1793;2242;2513;2747;3254;3678;4137;4587;4821;4912;5372;5838;6308;6516,6516,208
1248,insert,update-tail,1,3,4147;5327;5933,5933,606
1249,insert,delete-tail,0,9,2084;3327;3395;3475;4290;4395;4669;6104;6255,6255,151
1250,insert,update-tail,1,5,2048;3021;4057;5453;5478,5478,25
1251,insert,update-tail,1,3,3266;6619;6678,6678,59
1252,insert,update-tail,1,5,1984;3594;3632;3826;6580,6580,2754
1253,insert,update-tail,1,4,1201;1969;5703;5709,5709,6
1254,insert,delete-tail,0,5,2971;3465;4335;5576;5623,5623,47
1255,insert,update-tail,1,3,4318;5035;5534,5534,499
1256,insert,update-tail,1,6,2567;2761;3618;4116;4471;4910,4910,439
1257,insert,update-tail,1,7,1269;2582;3434;3548;4324;7026;7073,7073,47
1258,insert,update-tail,1,3,6289;6726;6791,6791,65
1259,insert,update-tail,1,11,2968;3071;3347;3454;3645;4129;4341;4439;6158;6471;7305,7305,834
1260,insert,update-tail,1,3,2645;4634;4993,4993,359
