scale,format,enforcement_mode,config_hash,repeat,warmup,events,apply_time_s,readback_time_s,events_per_s,checker_oracle_mismatch,status
1,iceberg,unsafe,211dcef9b3a6,0,True,9127,4.819,1.011,1894.0,False,ok
1,iceberg,unsafe,211dcef9b3a6,1,False,9127,3.887,1.067,2348.1,False,ok
1,iceberg,unsafe,211dcef9b3a6,2,False,9127,4.266,1.124,2139.5,False,ok
1,iceberg,unsafe,211dcef9b3a6,3,False,9127,4.039,0.991,2259.7,False,ok
1,iceberg,unsafe,211dcef9b3a6,4,False,9127,4.527,1.045,2016.1,False,ok
1,iceberg,unsafe,211dcef9b3a6,5,False,9127,4.266,1.075,2139.5,False,ok
1,iceberg,unsafe,211dcef9b3a6,6,False,9127,3.946,1.206,2313.0,False,ok
1,iceberg,unsafe,211dcef9b3a6,7,False,9127,4.058,1.089,2249.1,False,ok
1,iceberg,unsafe,211dcef9b3a6,8,False,9127,4.167,1.2,2190.3,False,ok
1,iceberg,unsafe,211dcef9b3a6,9,False,9127,4.044,1.085,2256.9,False,ok
1,iceberg,unsafe,211dcef9b3a6,10,False,9127,4.274,1.218,2135.5,False,ok
1,iceberg,safe,29ce598f1292,0,True,13360,10.093,1.427,1323.7,False,ok
1,iceberg,safe,29ce598f1292,1,False,13360,9.163,1.445,1458.0,False,ok
1,iceberg,safe,29ce598f1292,2,False,13360,9.722,1.411,1374.2,False,ok
1,iceberg,safe,29ce598f1292,3,False,13360,9.611,1.483,1390.1,False,ok
1,iceberg,safe,29ce598f1292,4,False,13360,9.358,1.384,1427.7,False,ok
1,iceberg,safe,29ce598f1292,5,False,13360,9.229,1.411,1447.6,False,ok
1,iceberg,safe,29ce598f1292,6,False,13360,9.737,1.434,1372.1,False,ok
1,iceberg,safe,29ce598f1292,7,False,13360,10.111,1.499,1321.3,False,ok
1,iceberg,safe,29ce598f1292,8,False,13360,9.26,1.441,1442.8,False,ok
1,iceberg,safe,29ce598f1292,9,False,13360,9.053,1.359,1475.8,False,ok
1,iceberg,safe,29ce598f1292,10,False,13360,9.318,1.46,1433.8,False,ok
1,iceberg,safe_compact,a03dd8040e54,0,True,13360,9.13,0.211,1463.3,False,ok
1,iceberg,safe_compact,a03dd8040e54,1,False,13360,9.583,0.234,1394.1,False,ok
1,iceberg,safe_compact,a03dd8040e54,2,False,13360,8.928,0.182,1496.4,False,ok
1,iceberg,safe_compact,a03dd8040e54,3,False,13360,10.124,0.175,1319.6,False,ok
1,iceberg,safe_compact,a03dd8040e54,4,False,13360,9.582,0.207,1394.3,False,ok
1,iceberg,safe_compact,a03dd8040e54,5,False,13360,10.262,0.173,1301.9,False,ok
1,iceberg,safe_compact,a03dd8040e54,6,False,13360,9.138,0.264,1462.0,False,ok
1,iceberg,safe_compact,a03dd8040e54,7,False,13360,9.964,0.311,1340.8,False,ok
1,iceberg,safe_compact,a03dd8040e54,8,False,13360,9.883,0.257,1351.8,False,ok
1,iceberg,safe_compact,a03dd8040e54,9,False,13360,9.567,0.236,1396.5,False,ok
1,iceberg,safe_compact,a03dd8040e54,10,False,13360,9.423,0.27,1417.8,False,ok
1,hudi,unsafe,05ff0ffbf9de,0,True,7407,5.849,0.386,1266.4,False,ok
1,hudi,unsafe,05ff0ffbf9de,1,False,7407,5.307,0.349,1395.7,False,ok
1,hudi,unsafe,05ff0ffbf9de,2,False,7407,5.127,0.327,1444.7,False,ok
1,hudi,unsafe,05ff0ffbf9de,3,False,7407,4.963,0.278,1492.4,False,ok
1,hudi,unsafe,05ff0ffbf9de,4,False,7407,5.069,0.325,1461.2,False,ok
1,hudi,unsafe,05ff0ffbf9de,5,False,7407,5.256,0.357,1409.2,False,ok
1,hudi,unsafe,05ff0ffbf9de,6,False,7407,4.921,0.393,1505.2,False,ok
1,hudi,unsafe,05ff0ffbf9de,7,False,7407,5.502,0.297,1346.2,False,ok
1,hudi,unsafe,05ff0ffbf9de,8,False,7407,5.415,0.33,1367.9,False,ok
1,hudi,unsafe,05ff0ffbf9de,9,False,7407,4.907,0.311,1509.5,False,ok
1,hudi,unsafe,05ff0ffbf9de,10,False,7407,4.939,0.286,1499.7,False,ok
1,hudi,safe,3b7ac995ab53,0,True,7407,5.306,0.29,1396.0,False,ok
1,hudi,safe,3b7ac995ab53,1,False,7407,5.232,0.304,1415.7,False,ok
1,hudi,safe,3b7ac995ab53,2,False,7407,5.145,0.423,1439.7,False,ok
1,hudi,safe,3b7ac995ab53,3,False,7407,5.201,0.339,1424.1,False,ok
1,hudi,safe,3b7ac995ab53,4,False,7407,5.205,0.318,1423.1,False,ok
1,hudi,safe,3b7ac995ab53,5,False,7407,4.962,0.308,1492.7,False,ok
1,hudi,safe,3b7ac995ab53,6,False,7407,4.936,0.286,1500.6,False,ok
1,hudi,safe,3b7ac995ab53,7,False,7407,5.229,0.318,1416.5,False,ok
1,hudi,safe,3b7ac995ab53,8,False,7407,5.729,0.293,1292.9,False,ok
1,hudi,safe,3b7ac995ab53,9,False,7407,5.132,0.369,1443.3,False,ok
1,hudi,safe,3b7ac995ab53,10,False,7407,4.791,0.312,1546.0,False,ok
1,hudi,safe_compact,ae373b38bad1,0,True,7407,6.145,0.281,1205.4,False,ok
1,hudi,safe_compact,ae373b38bad1,1,False,7407,5.843,0.24,1267.7,False,ok
1,hudi,safe_compact,ae373b38bad1,2,False,7407,6.081,0.241,1218.1,False,ok
1,hudi,safe_compact,ae373b38bad1,3,False,7407,6.103,0.263,1213.7,False,ok
1,hudi,safe_compact,ae373b38bad1,4,False,7407,6.217,0.254,1191.4,False,ok
1,hudi,safe_compact,ae373b38bad1,5,False,7407,6.174,0.245,1199.7,False,ok
1,hudi,safe_compact,ae373b38bad1,6,False,7407,6.724,0.286,1101.6,False,ok
1,hudi,safe_compact,ae373b38bad1,7,False,7407,5.882,0.245,1259.3,False,ok
1,hudi,safe_compact,ae373b38bad1,8,False,7407,6.676,0.278,1109.5,False,ok
1,hudi,safe_compact,ae373b38bad1,9,False,7407,5.92,0.287,1251.2,False,ok
1,hudi,safe_compact,ae373b38bad1,10,False,7407,6.023,0.245,1229.8,False,ok
1,delta,unsafe,ac41b3899880,0,True,7723,104.193,1.37,74.1,False,ok
1,delta,unsafe,ac41b3899880,1,False,7723,111.878,1.479,69.0,False,ok
1,delta,unsafe,ac41b3899880,2,False,7723,122.906,1.186,62.8,False,ok
1,delta,unsafe,ac41b3899880,3,False,7723,142.681,1.014,54.1,False,ok
1,delta,unsafe,ac41b3899880,4,False,7723,110.841,1.06,69.7,False,ok
1,delta,unsafe,ac41b3899880,5,False,7723,140.271,1.586,55.1,False,ok
1,delta,unsafe,ac41b3899880,6,False,7723,140.95,1.535,54.8,False,ok
1,delta,unsafe,ac41b3899880,7,False,7723,115.613,1.245,66.8,False,ok
1,delta,unsafe,ac41b3899880,8,False,7723,128.669,1.144,60.0,False,ok
1,delta,unsafe,ac41b3899880,9,False,7723,104.539,1.084,73.9,False,ok
1,delta,unsafe,ac41b3899880,10,False,7723,110.643,0.994,69.8,False,ok
1,delta,safe,3170b25cb7b0,0,True,7407,100.531,0.99,73.7,False,ok
1,delta,safe,3170b25cb7b0,1,False,7407,95.233,1.075,77.8,False,ok
1,delta,safe,3170b25cb7b0,2,False,7407,104.193,1.053,71.1,False,ok
1,delta,safe,3170b25cb7b0,3,False,7407,100.713,0.959,73.5,False,ok
1,delta,safe,3170b25cb7b0,4,False,7407,101.138,1.072,73.2,False,ok
1,delta,safe,3170b25cb7b0,5,False,7407,99.242,1.118,74.6,False,ok
1,delta,safe,3170b25cb7b0,6,False,7407,101.993,1.823,72.6,False,ok
1,delta,safe,3170b25cb7b0,7,False,7407,106.4,1.007,69.6,False,ok
1,delta,safe,3170b25cb7b0,8,False,7407,95.482,0.918,77.6,False,ok
1,delta,safe,3170b25cb7b0,9,False,7407,112.162,1.061,66.0,False,ok
1,delta,safe,3170b25cb7b0,10,False,7407,109.644,0.993,67.6,False,ok
1,delta,safe_compact,0591d90862cb,0,True,7407,99.512,0.776,74.4,False,ok
1,delta,safe_compact,0591d90862cb,1,False,7407,99.054,0.799,74.8,False,ok
1,delta,safe_compact,0591d90862cb,2,False,7407,101.728,0.862,72.8,False,ok
1,delta,safe_compact,0591d90862cb,3,False,7407,94.115,0.772,78.7,False,ok
1,delta,safe_compact,0591d90862cb,4,False,7407,91.302,0.739,81.1,False,ok
1,delta,safe_compact,0591d90862cb,5,False,7407,102.016,0.781,72.6,False,ok
1,delta,safe_compact,0591d90862cb,6,False,7407,261.293,2.808,28.3,False,ok
1,delta,safe_compact,0591d90862cb,7,False,7407,433.015,0.82,17.1,False,ok
1,delta,safe_compact,0591d90862cb,8,False,7407,96.846,0.958,76.5,False,ok
1,delta,safe_compact,0591d90862cb,9,False,7407,177.12,1.162,41.8,False,ok
1,delta,safe_compact,0591d90862cb,10,False,7407,164.161,1.736,45.1,False,ok
10,iceberg,unsafe,e249373ef99c,0,True,30037,9.743,1.378,3082.9,False,ok
10,iceberg,unsafe,e249373ef99c,1,False,30037,10.47,1.715,2868.9,False,ok
10,iceberg,unsafe,e249373ef99c,2,False,30037,10.624,1.461,2827.3,False,ok
10,iceberg,unsafe,e249373ef99c,3,False,30037,12.674,1.425,2370.0,False,ok
10,iceberg,unsafe,e249373ef99c,4,False,30037,19.382,2.639,1549.7,False,ok
10,iceberg,unsafe,e249373ef99c,5,False,30037,19.379,1.877,1550.0,False,ok
10,iceberg,unsafe,e249373ef99c,6,False,30037,13.863,1.679,2166.7,False,ok
10,iceberg,unsafe,e249373ef99c,7,False,30037,23.063,2.25,1302.4,False,ok
10,iceberg,unsafe,e249373ef99c,8,False,30037,12.123,1.354,2477.7,False,ok
10,iceberg,unsafe,e249373ef99c,9,False,30037,11.68,1.412,2571.7,False,ok
10,iceberg,unsafe,e249373ef99c,10,False,30037,11.568,1.52,2596.6,False,ok
10,iceberg,safe,9cdbc7993c96,0,True,44002,18.276,1.648,2407.6,False,ok
10,iceberg,safe,9cdbc7993c96,1,False,44002,17.121,1.654,2570.1,False,ok
10,iceberg,safe,9cdbc7993c96,2,False,44002,17.103,1.771,2572.8,False,ok
10,iceberg,safe,9cdbc7993c96,3,False,44002,14.982,1.63,2937.0,False,ok
10,iceberg,safe,9cdbc7993c96,4,False,44002,16.632,1.571,2645.6,False,ok
10,iceberg,safe,9cdbc7993c96,5,False,44002,15.704,1.564,2802.0,False,ok
10,iceberg,safe,9cdbc7993c96,6,False,44002,26.124,1.629,1684.4,False,ok
10,iceberg,safe,9cdbc7993c96,7,False,44002,12.596,1.183,3493.3,False,ok
10,iceberg,safe,9cdbc7993c96,8,False,44002,12.861,1.238,3421.4,False,ok
10,iceberg,safe,9cdbc7993c96,9,False,44002,12.49,1.181,3523.0,False,ok
10,iceberg,safe,9cdbc7993c96,10,False,44002,12.911,1.211,3408.1,False,ok
10,iceberg,safe_compact,d109ee4f946c,0,True,44002,12.565,0.209,3501.9,False,ok
10,iceberg,safe_compact,d109ee4f946c,1,False,44002,12.216,0.192,3602.0,False,ok
10,iceberg,safe_compact,d109ee4f946c,2,False,44002,12.29,0.185,3580.3,False,ok
10,iceberg,safe_compact,d109ee4f946c,3,False,44002,12.331,0.188,3568.4,False,ok
10,iceberg,safe_compact,d109ee4f946c,4,False,44002,13.643,0.312,3225.2,False,ok
10,iceberg,safe_compact,d109ee4f946c,5,False,44002,12.625,0.184,3485.3,False,ok
10,iceberg,safe_compact,d109ee4f946c,6,False,44002,12.594,0.197,3493.9,False,ok
10,iceberg,safe_compact,d109ee4f946c,7,False,44002,12.441,0.208,3536.9,False,ok
10,iceberg,safe_compact,d109ee4f946c,8,False,44002,12.619,0.211,3487.0,False,ok
10,iceberg,safe_compact,d109ee4f946c,9,False,44002,12.357,0.194,3560.9,False,ok
10,iceberg,safe_compact,d109ee4f946c,10,False,44002,12.372,0.205,3556.6,False,ok
10,hudi,unsafe,f4344449d88e,0,True,24426,5.303,0.334,4606.1,False,ok
10,hudi,unsafe,f4344449d88e,1,False,24426,5.238,0.3,4663.2,False,ok
10,hudi,unsafe,f4344449d88e,2,False,24426,5.461,0.412,4472.8,False,ok
10,hudi,unsafe,f4344449d88e,3,False,24426,5.403,0.3,4520.8,False,ok
10,hudi,unsafe,f4344449d88e,4,False,24426,5.374,0.305,4545.2,False,ok
10,hudi,unsafe,f4344449d88e,5,False,24426,5.382,0.304,4538.5,False,ok
10,hudi,unsafe,f4344449d88e,6,False,24426,5.142,0.315,4750.3,False,ok
10,hudi,unsafe,f4344449d88e,7,False,24426,5.021,0.297,4864.8,False,ok
10,hudi,unsafe,f4344449d88e,8,False,24426,5.111,0.304,4779.1,False,ok
10,hudi,unsafe,f4344449d88e,9,False,24426,5.236,0.299,4665.0,False,ok
10,hudi,unsafe,f4344449d88e,10,False,24426,5.323,0.349,4588.8,False,ok
10,hudi,safe,202cddbaee9b,0,True,24426,5.279,0.299,4627.0,False,ok
10,hudi,safe,202cddbaee9b,1,False,24426,5.55,0.381,4401.1,False,ok
10,hudi,safe,202cddbaee9b,2,False,24426,7.146,0.319,3418.1,False,ok
10,hudi,safe,202cddbaee9b,3,False,24426,5.491,0.308,4448.4,False,ok
10,hudi,safe,202cddbaee9b,4,False,24426,5.193,0.306,4703.6,False,ok
10,hudi,safe,202cddbaee9b,5,False,24426,5.282,0.469,4624.4,False,ok
10,hudi,safe,202cddbaee9b,6,False,24426,5.129,0.313,4762.3,False,ok
10,hudi,safe,202cddbaee9b,7,False,24426,5.202,0.295,4695.5,False,ok
10,hudi,safe,202cddbaee9b,8,False,24426,5.17,0.296,4724.6,False,ok
10,hudi,safe,202cddbaee9b,9,False,24426,5.219,0.296,4680.2,False,ok
10,hudi,safe,202cddbaee9b,10,False,24426,5.366,0.33,4552.0,False,ok
10,hudi,safe_compact,e585d240d4fe,0,True,24426,6.262,0.267,3900.7,False,ok
10,hudi,safe_compact,e585d240d4fe,1,False,24426,6.455,0.339,3784.0,False,ok
10,hudi,safe_compact,e585d240d4fe,2,False,24426,6.239,0.455,3915.1,False,ok
10,hudi,safe_compact,e585d240d4fe,3,False,24426,6.467,0.248,3777.0,False,ok
10,hudi,safe_compact,e585d240d4fe,4,False,24426,6.57,0.267,3717.8,False,ok
10,hudi,safe_compact,e585d240d4fe,5,False,24426,6.387,0.256,3824.3,False,ok
10,hudi,safe_compact,e585d240d4fe,6,False,24426,6.34,0.267,3852.7,False,ok
10,hudi,safe_compact,e585d240d4fe,7,False,24426,6.385,0.245,3825.5,False,ok
10,hudi,safe_compact,e585d240d4fe,8,False,24426,6.51,0.246,3752.1,False,ok
10,hudi,safe_compact,e585d240d4fe,9,False,24426,6.397,0.263,3818.4,False,ok
10,hudi,safe_compact,e585d240d4fe,10,False,24426,6.701,0.346,3645.1,False,ok
10,delta,unsafe,e081b6533224,0,True,25448,84.002,1.202,302.9,False,ok
10,delta,unsafe,e081b6533224,1,False,25448,84.574,1.296,300.9,False,ok
10,delta,unsafe,e081b6533224,2,False,25448,85.035,1.111,299.3,False,ok
10,delta,unsafe,e081b6533224,3,False,25448,87.775,1.317,289.9,False,ok
10,delta,unsafe,e081b6533224,4,False,25448,84.288,1.795,301.9,False,ok
10,delta,unsafe,e081b6533224,5,False,25448,85.897,1.054,296.3,False,ok
10,delta,unsafe,e081b6533224,6,False,25448,89.644,1.181,283.9,False,ok
10,delta,unsafe,e081b6533224,7,False,25448,92.453,1.061,275.3,False,ok
10,delta,unsafe,e081b6533224,8,False,25448,91.11,1.213,279.3,False,ok
10,delta,unsafe,e081b6533224,9,False,25448,95.292,1.473,267.1,False,ok
10,delta,unsafe,e081b6533224,10,False,25448,98.876,1.594,257.4,False,ok
10,delta,safe,d7a705298786,0,True,24426,87.658,1.096,278.7,False,ok
10,delta,safe,d7a705298786,1,False,24426,94.329,1.078,258.9,False,ok
10,delta,safe,d7a705298786,2,False,24426,87.306,0.995,279.8,False,ok
10,delta,safe,d7a705298786,3,False,24426,85.224,1.01,286.6,False,ok
10,delta,safe,d7a705298786,4,False,24426,87.647,1.304,278.7,False,ok
10,delta,safe,d7a705298786,5,False,24426,86.618,1.052,282.0,False,ok
10,delta,safe,d7a705298786,6,False,24426,88.19,1.542,277.0,False,ok
10,delta,safe,d7a705298786,7,False,24426,83.366,0.986,293.0,False,ok
10,delta,safe,d7a705298786,8,False,24426,79.678,1.002,306.6,False,ok
10,delta,safe,d7a705298786,9,False,24426,80.661,0.983,302.8,False,ok
10,delta,safe,d7a705298786,10,False,24426,77.27,1.143,316.1,False,ok
10,delta,safe_compact,078efeb18d12,0,True,24426,81.117,0.796,301.1,False,ok
10,delta,safe_compact,078efeb18d12,1,False,24426,99.7,1.017,245.0,False,ok
10,delta,safe_compact,078efeb18d12,2,False,24426,85.347,1.195,286.2,False,ok
10,delta,safe_compact,078efeb18d12,3,False,24426,89.242,0.838,273.7,False,ok
10,delta,safe_compact,078efeb18d12,4,False,24426,86.642,0.856,281.9,False,ok
10,delta,safe_compact,078efeb18d12,5,False,24426,87.455,2.252,279.3,False,ok
10,delta,safe_compact,078efeb18d12,6,False,24426,84.038,0.949,290.7,False,ok
10,delta,safe_compact,078efeb18d12,7,False,24426,83.215,0.77,293.5,False,ok
10,delta,safe_compact,078efeb18d12,8,False,24426,79.72,0.825,306.4,False,ok
10,delta,safe_compact,078efeb18d12,9,False,24426,301.731,6.424,81.0,False,ok
10,delta,safe_compact,078efeb18d12,10,False,24426,337.163,4.171,72.4,False,ok
