config.base_keys,config.base_ts_ms,config.checkpoint_events,config.clock_skew_ms,config.config_hash,config.dup_rate,config.enforcement_mode,config.format,config.insert_rate,config.keep_tables,config.key_columns,config.keys_sampled,config.max_events,config.ooo_rate,config.ooo_window,config.op_mix,config.payload_columns,config.precombine_field,config.scale_factor,config.schema_change_freq,config.seed,config.ts_step_ms,config.version_column,config.versions_per_key_mean,correctness.checker_oracle_mismatch,correctness.n_agree,correctness.n_checker_abstain,correctness.n_correctly_absent,correctness.n_delete_tail_blind,correctness.n_duplicate,correctness.n_ghost,correctness.n_keys,correctness.n_match,correctness.n_missing_current,correctness.n_stale_wins,correctness.n_violations,correctness.violation_rate,cost.apply_time_s,cost.bytes_data,cost.bytes_delete,cost.bytes_total,cost.commit_count,cost.data_files,cost.delete_files,cost.events,cost.events_per_s,cost.gen_time_s,cost.mb_per_s,cost.peak_rss_mb,cost.readback_time_s,error,status
1200,1700000000000,50000,0.0,347ffb15a576,0.0,unsafe,iceberg,0.05,False,"[""id""]",1.0,5000000,0.0,4,"[0.8, 0.15, 0.05]","[""val""]",ts_ms,1,0.0,101,1,lsn,4,False,1075,0,185,0,0,0,1260,1260,0,0,0,0.0,10.233,95404,32424,127828,51,50,50,13360,1305.6,0.453,0.012,40.5,1.421,,ok
1200,1700000000000,50000,0.0,3e9ff7b08500,0.0,unsafe,hudi,0.05,False,"[""id""]",1.0,5000000,0.0,4,"[0.8, 0.15, 0.05]","[""val""]",ts_ms,1,0.0,101,1,lsn,4,False,1075,0,185,0,0,0,1260,1260,0,0,0,0.0,5.036,453965,2528,456493,2,1,2,7407,1470.8,0.459,0.091,48.6,0.292,,ok
1200,1700000000000,50000,0.0,f5ecf500d88a,0.0,unsafe,delta,0.05,False,"[""id""]",1.0,5000000,0.0,4,"[0.8, 0.15, 0.05]","[""val""]",ts_ms,1,0.0,101,1,lsn,4,False,0,0,0,0,0,0,1260,1260,0,0,0,0.0,99.122,160794,0,160794,69,44,0,7407,74.7,0.485,0.002,29.4,1.097,,ok
1200,1700000000000,50000,0,b1ff3231ad8e,0.0,unsafe,hudi,0.05,False,"[""id""]",1.0,5000000,0.0,4,"[0.8, 0.15, 0.05]","[""val""]",ts_ms,1,0.0,101,1,lsn,4,False,1075,0,185,0,0,0,1260,1260,0,0,0,0.0,5.327,453961,2528,456489,2,1,2,7407,1390.5,0.449,0.086,47.4,0.292,,ok
1200,1700000000000,50000,400,46ce6b9aaf53,0.0,unsafe,hudi,0.05,False,"[""id""]",1.0,5000000,0.0,4,"[0.8, 0.15, 0.05]","[""val""]",ts_ms,1,0.0,101,1,lsn,4,False,1075,0,185,0,0,0,1260,1126,0,134,134,0.10634920634920635,4.677,453970,2528,456498,2,1,2,7407,1583.7,0.535,0.098,49.2,0.283,,ok
1200,1700000000000,50000,1500,52785da91046,0.0,unsafe,hudi,0.05,False,"[""id""]",1.0,5000000,0.0,4,"[0.8, 0.15, 0.05]","[""val""]",ts_ms,1,0.0,101,1,lsn,4,False,1075,0,185,0,0,0,1260,869,0,391,391,0.3103174603174603,4.656,454144,2528,456672,2,1,2,7407,1590.9,0.455,0.098,52.1,0.285,,ok
1200,1700000000000,50000,6000,badff6a6367e,0.0,unsafe,hudi,0.05,False,"[""id""]",1.0,5000000,0.0,4,"[0.8, 0.15, 0.05]","[""val""]",ts_ms,1,0.0,101,1,lsn,4,False,1075,0,185,0,0,0,1260,585,0,675,675,0.5357142857142857,5.125,454416,2528,456944,2,1,2,7407,1445.3,0.459,0.089,51.7,0.31,,ok
1200,1700000000000,50000,0,a13eb5f48c0e,0.0,unsafe,iceberg,0.05,False,"[""id""]",1.0,5000000,0.0,4,"[0.8, 0.15, 0.05]","[""val""]",ts_ms,1,0.0,101,1,lsn,4,False,1075,0,185,0,0,0,1260,1260,0,0,0,0.0,9.152,95404,32424,127828,51,50,50,13360,1459.8,0.448,0.014,47.0,1.34,,ok
1200,1700000000000,50000,0,bacffa93d5fc,0.0,unsafe,delta,0.05,False,"[""id""]",1.0,5000000,0.0,4,"[0.8, 0.15, 0.05]","[""val""]",ts_ms,1,0.0,101,1,lsn,4,False,0,0,0,0,0,0,1260,1260,0,0,0,0.0,91.179,160794,0,160794,69,44,0,7407,81.2,0.45,0.002,29.5,1.004,,ok
1200,1700000000000,50000,6000,7261d9e0089e,0.0,unsafe,iceberg,0.05,False,"[""id""]",1.0,5000000,0.0,4,"[0.8, 0.15, 0.05]","[""val""]",ts_ms,1,0.0,101,1,lsn,4,False,1075,0,185,0,0,0,1260,1260,0,0,0,0.0,9.135,95404,32424,127828,51,50,50,13360,1462.5,0.447,0.014,47.6,1.358,,ok
1200,1700000000000,50000,6000,f314116e69ba,0.0,unsafe,delta,0.05,False,"[""id""]",1.0,5000000,0.0,4,"[0.8, 0.15, 0.05]","[""val""]",ts_ms,1,0.0,101,1,lsn,4,False,0,0,0,0,0,0,1260,1260,0,0,0,0.0,91.89,162382,0,162382,69,44,0,7407,80.6,0.442,0.002,29.2,0.92,,ok
1200,1700000000000,50000,0.0,14871b1f8740,0.0,unsafe,iceberg,0.05,False,"[""id""]",1.0,5000000,0.05,4,"[0.8, 0.15, 0.05]","[""val""]",ts_ms,1,0.0,101,1,lsn,4,False,1075,0,178,7,0,7,1260,1212,2,39,48,0.0380952380952381,9.717,95952,32424,128376,51,50,50,13360,1374.9,0.468,0.013,42.0,1.365,,ok
1200,1700000000000,50000,0.0,2bf19920e6af,0.0,unsafe,iceberg,0.05,False,"[""id""]",1.0,5000000,0.1,4,"[0.8, 0.15, 0.05]","[""val""]",ts_ms,1,0.0,101,1,lsn,4,False,1075,0,165,20,0,20,1260,1147,6,87,113,0.08968253968253968,9.466,96399,32424,128823,51,50,50,13360,1411.4,0.451,0.014,47.7,1.495,,ok
1200,1700000000000,50000,0.0,5e8b9932b83a,0.0,unsafe,iceberg,0.05,False,"[""id""]",1.0,5000000,0.25,4,"[0.8, 0.15, 0.05]","[""val""]",ts_ms,1,0.0,101,1,lsn,4,False,1075,0,135,50,0,50,1260,988,16,206,272,0.21587301587301588,10.058,97243,32424,129667,51,50,50,13360,1328.3,0.446,0.013,47.8,1.409,,ok
1200,1700000000000,50000,0.0,52463f980f5a,0.0,unsafe,iceberg,0.05,False,"[""id""]",1.0,5000000,0.5,4,"[0.8, 0.15, 0.05]","[""val""]",ts_ms,1,0.0,101,1,lsn,4,False,1075,0,97,88,0,88,1260,727,40,405,533,0.423015873015873,9.576,98150,32424,130574,51,50,50,13360,1395.2,0.486,0.014,48.3,1.422,,ok
1200,1700000000000,50000,0.0,c9788c394316,0.0,unsafe,hudi,0.05,False,"[""id""]",1.0,5000000,0.5,4,"[0.8, 0.15, 0.05]","[""val""]",ts_ms,1,0.0,101,1,lsn,4,False,1075,0,185,0,0,0,1260,1260,0,0,0,0.0,5.017,453967,2528,456495,2,1,2,7407,1476.4,0.434,0.091,51.8,0.31,,ok
1200,1700000000000,50000,0.0,e9a7d34508ed,0.0,unsafe,delta,0.05,False,"[""id""]",1.0,5000000,0.25,4,"[0.8, 0.15, 0.05]","[""val""]",ts_ms,1,0.0,101,1,lsn,4,False,0,0,0,0,0,0,1260,988,16,206,272,0.21587301587301588,116.728,163396,0,163396,70,44,0,7407,63.5,0.452,0.001,27.2,1.266,,ok
1200,1700000000000,50000,0.0,c2f9935392e2,0.0,unsafe,delta,0.05,False,"[""id""]",1.0,5000000,0.5,4,"[0.8, 0.15, 0.05]","[""val""]",ts_ms,1,0.0,101,1,lsn,4,False,0,0,0,0,0,0,1260,727,40,405,533,0.423015873015873,104.214,161598,0,161598,70,42,0,7407,71.1,0.454,0.002,29.3,1.072,,ok
1200,1700000000000,50000,0.0,d6a91187e430,0.05,unsafe,iceberg,0.05,False,"[""id""]",1.0,5000000,0.0,4,"[0.8, 0.15, 0.05]","[""val""]",ts_ms,1,0.0,101,1,lsn,4,False,1075,0,185,0,62,0,1260,1198,0,0,62,0.049206349206349205,9.445,97778,32424,130202,51,50,50,13676,1448.0,0.45,0.014,48.0,1.462,,ok
1200,1700000000000,50000,0.0,187af98406d3,0.15,unsafe,iceberg,0.05,False,"[""id""]",1.0,5000000,0.0,4,"[0.8, 0.15, 0.05]","[""val""]",ts_ms,1,0.0,101,1,lsn,4,False,1075,0,185,0,179,0,1260,1081,0,0,179,0.14206349206349206,9.081,106939,32424,139363,51,50,50,14264,1570.8,0.443,0.015,50.4,1.345,,ok
1200,1700000000000,50000,0.0,150c44b2175a,0.3,unsafe,iceberg,0.05,False,"[""id""]",1.0,5000000,0.0,4,"[0.8, 0.15, 0.05]","[""val""]",ts_ms,1,0.0,101,1,lsn,4,False,1075,0,185,0,344,0,1260,916,0,0,344,0.273015873015873,9.668,111200,32424,143624,51,50,50,15177,1569.8,0.442,0.015,48.7,1.368,,ok
1200,1700000000000,50000,0.0,edcc3a95077c,0.3,unsafe,hudi,0.05,False,"[""id""]",1.0,5000000,0.0,4,"[0.8, 0.15, 0.05]","[""val""]",ts_ms,1,0.0,101,1,lsn,4,False,1075,0,185,0,0,0,1260,1260,0,0,0,0.0,5.279,453968,2528,456496,2,1,2,7407,1403.1,0.542,0.086,52.0,0.371,,ok
1200,1700000000000,50000,0.0,bc11b3381247,0.3,unsafe,delta,0.05,False,"[""id""]",1.0,5000000,0.0,4,"[0.8, 0.15, 0.05]","[""val""]",ts_ms,1,0.0,101,1,lsn,4,False,0,0,0,0,0,0,1260,1260,0,0,0,0.0,93.144,160794,0,160794,69,44,0,9224,99.0,0.44,0.002,28.0,0.994,,ok
1200,1700000000000,50000,0.0,509d91816f3c,0.0,unsafe,iceberg,0.05,False,"[""id""]",1.0,5000000,0.0,4,"[0.8, 0.15, 0.05]","[""val""]",ts_ms,1,0.2,101,1,lsn,4,False,1075,0,144,32,170,41,1260,1049,0,0,211,0.16746031746031745,8.987,94300,30445,124745,50,49,49,12307,1369.4,0.461,0.014,41.9,1.341,,ok
1200,1700000000000,50000,0.0,727d1b0cee02,0.0,unsafe,iceberg,0.05,False,"[""id""]",1.0,5000000,0.0,4,"[0.8, 0.15, 0.05]","[""val""]",ts_ms,1,0.6,101,1,lsn,4,False,1075,0,76,54,518,109,1260,633,0,0,627,0.4976190476190476,6.784,83895,21203,105098,36,35,35,10357,1526.7,0.446,0.015,50.5,1.178,,ok
1200,1700000000000,50000,0.0,a63d35c7e27c,0.0,unsafe,hudi,0.05,False,"[""id""]",1.0,5000000,0.0,4,"[0.8, 0.15, 0.05]","[""val""]",ts_ms,1,0.6,101,1,lsn,4,False,1075,0,185,0,0,0,1260,1260,0,0,0,0.0,4.746,453967,2528,456495,2,1,2,7407,1560.7,0.447,0.096,52.1,0.273,,ok
1200,1700000000000,50000,0.0,d321975af62d,0.0,unsafe,delta,0.05,False,"[""id""]",1.0,5000000,0.0,4,"[0.8, 0.15, 0.05]","[""val""]",ts_ms,1,0.6,101,1,lsn,4,False,0,0,0,0,0,0,1260,1220,40,0,40,0.031746031746031744,76.526,109336,0,109336,54,41,0,7407,96.8,0.455,0.001,29.5,0.893,,ok
1200,1700000000000,50000,400,6e06ba1a0e82,0.05,unsafe,iceberg,0.05,False,"[""id""]",1.0,5000000,0.05,4,"[0.8, 0.15, 0.05]","[""val""]",ts_ms,1,0.2,101,1,lsn,4,False,1075,0,139,34,215,46,1260,961,1,37,299,0.2373015873015873,9.021,95509,30456,125965,50,48,49,12623,1399.3,0.443,0.014,41.5,1.318,,ok
1200,1700000000000,50000,0.0,50ad0b187797,0.15,unsafe,iceberg,0.05,False,"[""id""]",1.0,5000000,0.25,4,"[0.8, 0.15, 0.05]","[""val""]",ts_ms,1,0.0,101,1,lsn,4,False,1075,0,135,44,168,50,1260,849,16,177,411,0.3261904761904762,9.2,108900,32424,141324,51,50,50,14264,1550.4,0.44,0.015,50.6,1.321,,ok
1200,1700000000000,50000,1500,ecd02b30d3f0,0.0,unsafe,iceberg,0.05,False,"[""id""]",1.0,5000000,0.1,4,"[0.8, 0.15, 0.05]","[""val""]",ts_ms,1,0.0,101,1,lsn,4,False,1075,0,165,20,0,20,1260,1147,6,87,113,0.08968253968253968,9.072,96399,32424,128823,51,50,50,13360,1472.7,0.45,0.014,48.2,1.342,,ok
1200,1700000000000,50000,400,e7ef85785b55,0.05,unsafe,hudi,0.05,False,"[""id""]",1.0,5000000,0.05,4,"[0.8, 0.15, 0.05]","[""val""]",ts_ms,1,0.2,101,1,lsn,4,False,1075,0,185,0,0,0,1260,1126,0,134,134,0.10634920634920635,4.788,453972,2528,456500,2,1,2,7407,1547.0,0.445,0.095,52.1,0.299,,ok
1200,1700000000000,50000,0.0,4882707cd0ed,0.15,unsafe,hudi,0.05,False,"[""id""]",1.0,5000000,0.25,4,"[0.8, 0.15, 0.05]","[""val""]",ts_ms,1,0.0,101,1,lsn,4,False,1075,0,185,0,0,0,1260,1260,0,0,0,0.0,4.757,453966,2528,456494,2,1,2,7407,1557.1,0.44,0.096,52.0,0.292,,ok
1200,1700000000000,50000,1500,5999f4b82460,0.0,unsafe,hudi,0.05,False,"[""id""]",1.0,5000000,0.1,4,"[0.8, 0.15, 0.05]","[""val""]",ts_ms,1,0.0,101,1,lsn,4,False,1075,0,185,0,0,0,1260,869,0,391,391,0.3103174603174603,5.015,454147,2528,456675,2,1,2,7407,1477.0,0.475,0.091,48.7,0.363,,ok
1200,1700000000000,50000,400,dcdf6704d5a5,0.05,unsafe,delta,0.05,False,"[""id""]",1.0,5000000,0.05,4,"[0.8, 0.15, 0.05]","[""val""]",ts_ms,1,0.2,101,1,lsn,4,False,0,0,0,0,0,0,1260,1204,11,39,56,0.044444444444444446,100.02,145070,0,145070,68,44,0,7723,77.2,0.458,0.001,29.2,0.939,,ok
1200,1700000000000,50000,0.0,1b5ece1421d3,0.15,unsafe,delta,0.05,False,"[""id""]",1.0,5000000,0.25,4,"[0.8, 0.15, 0.05]","[""val""]",ts_ms,1,0.0,101,1,lsn,4,False,0,0,0,0,0,0,1260,988,16,206,272,0.21587301587301588,101.065,163396,0,163396,70,44,0,8311,82.2,0.45,0.002,29.8,1.235,,ok
1200,1700000000000,50000,1500,d1c08b00a94a,0.0,unsafe,delta,0.05,False,"[""id""]",1.0,5000000,0.1,4,"[0.8, 0.15, 0.05]","[""val""]",ts_ms,1,0.0,101,1,lsn,4,False,0,0,0,0,0,0,1260,1147,6,87,113,0.08968253968253968,130.036,162404,0,162404,70,44,0,7407,57.0,0.467,0.001,27.5,1.016,,ok
