key_id,m,competitive_ops,tail_op,n_cu_versions,current_op,current_is_cu,current_dup_uniform,current_dup_fired,n_flags_fired,duplicate,verdict
1253,4,cuuu,u,4,u,True,0.614270,False,1,False,MATCH_OR_OTHER
358,9,uuuuuuuud,d,8,d,False,-,False,3,False,MATCH_OR_OTHER
890,6,uuuuuu,u,6,u,True,0.978925,False,1,False,MATCH_OR_OTHER
179,10,uuuuuuuuuu,u,10,u,True,0.259567,True,2,True,DUPLICATE
49,7,uuuuuuu,u,7,u,True,0.556451,False,2,False,MATCH_OR_OTHER
748,6,uuuuuu,u,6,u,True,0.061221,True,3,True,DUPLICATE
1029,9,uuuuuuuuu,u,9,u,True,0.067795,True,4,True,DUPLICATE
301,12,uuuuuuuuuuuu,u,12,u,True,0.428960,False,4,False,MATCH_OR_OTHER
823,14,uuuuuuuuuuuuuu,u,14,u,True,0.198974,True,4,True,DUPLICATE
1072,27,uuuuuuuuuuuuuuuuuuuuuuuuuuu,u,27,u,True,0.239422,True,10,True,DUPLICATE
527,50,uuuuuuuuuuuuuuuuuuuuuuuuuuuuuuuuuuuuuuuuuuuuuuuudc,c,49,c,True,0.997253,False,16,False,MATCH_OR_OTHER
542,10,uuuuuuuuuu,u,10,u,True,0.942714,False,2,False,MATCH_OR_OTHER
66,9,uuuuuuuuu,u,9,u,True,0.454417,False,1,False,MATCH_OR_OTHER
407,3,uuu,u,3,u,True,0.027828,True,2,True,DUPLICATE
556,8,uuuuuuuu,u,8,u,True,0.364542,False,2,False,MATCH_OR_OTHER
267,7,uuuuuuu,u,7,u,True,0.295212,True,1,True,DUPLICATE
224,13,uuuuuuuuuuuud,d,12,d,False,-,False,1,False,MATCH_OR_OTHER
719,7,uuuuuuu,u,7,u,True,0.424351,False,1,False,MATCH_OR_OTHER
988,10,uuuuuuuudc,c,9,c,True,0.880991,False,3,False,MATCH_OR_OTHER
10,9,uuuuuuuuu,u,9,u,True,0.286516,True,4,True,DUPLICATE
962,2,uu,u,2,u,True,0.792815,False,0,False,MATCH_OR_OTHER
1161,5,uuuud,d,4,d,False,-,False,1,False,MATCH_OR_OTHER
400,5,uuuuu,u,5,u,True,0.882280,False,1,False,MATCH_OR_OTHER
425,5,uuuud,d,4,d,False,-,False,0,False,MATCH_OR_OTHER
567,10,uuuuuuuuuu,u,10,u,True,0.679434,False,4,False,MATCH_OR_OTHER
734,8,uuuuuuuu,u,8,u,True,0.148773,True,3,True,DUPLICATE
623,19,uuuuuuuuuuuuuuuuuuu,u,19,u,True,0.440106,False,6,False,MATCH_OR_OTHER
456,9,uuuuuuuuu,u,9,u,True,0.778407,False,0,False,MATCH_OR_OTHER
836,21,uuuuuuuuuuuuuuuuuuuuu,u,21,u,True,0.019071,True,4,True,DUPLICATE
1006,2,uu,u,2,u,True,0.432865,False,1,False,MATCH_OR_OTHER
599,8,uuuuuuuu,u,8,u,True,0.494204,False,1,False,MATCH_OR_OTHER
563,4,uuuu,u,4,u,True,0.625793,False,2,False,MATCH_OR_OTHER
412,13,uuuuuuuuuuuuu,u,13,u,True,0.206858,True,3,True,DUPLICATE
1124,12,uuuuuuuuuuuu,u,12,u,True,0.629157,False,3,False,MATCH_OR_OTHER
1074,4,uuuu,u,4,u,True,0.220538,True,2,True,DUPLICATE
597,10,uuuuuuuuud,d,9,d,False,-,False,2,False,MATCH_OR_OTHER
383,6,uuuuuu,u,6,u,True,0.326372,False,3,False,MATCH_OR_OTHER
153,10,uuuuuuuuuu,u,10,u,True,0.837908,False,5,False,MATCH_OR_OTHER
1102,3,uuu,u,3,u,True,0.858539,False,0,False,MATCH_OR_OTHER
277,16,uuuuuuuuuuuuuuud,d,15,d,False,-,False,4,False,MATCH_OR_OTHER
1238,8,cuuuuuuu,u,8,u,True,0.827358,False,1,False,MATCH_OR_OTHER
112,10,uuuuuuuuud,d,9,d,False,-,False,2,False,MATCH_OR_OTHER
1116,6,uuuuuu,u,6,u,True,0.049227,True,3,True,DUPLICATE
880,18,uuuuuuuuuuuuuuuuuu,u,18,u,True,0.497973,False,8,False,MATCH_OR_OTHER
499,6,uuuuuu,u,6,u,True,0.063149,True,5,True,DUPLICATE
652,8,uuuuuuuu,u,8,u,True,0.918646,False,1,False,MATCH_OR_OTHER
1150,2,uu,u,2,u,True,0.068878,True,1,True,DUPLICATE
399,13,uuuuuuuuuuuuu,u,13,u,True,0.115624,True,4,True,DUPLICATE
671,4,uuuu,u,4,u,True,0.320660,False,1,False,MATCH_OR_OTHER
315,9,uuuuuuuuu,u,9,u,True,0.898643,False,2,False,MATCH_OR_OTHER
1164,10,uuuuuuuuuu,u,10,u,True,0.912804,False,4,False,MATCH_OR_OTHER
1236,2,cu,u,2,u,True,0.659242,False,1,False,MATCH_OR_OTHER
304,3,uuu,u,3,u,True,0.554182,False,0,False,MATCH_OR_OTHER
505,14,uuuuuuuuuuuuud,d,13,d,False,-,False,5,False,MATCH_OR_OTHER
370,4,uudc,c,3,c,True,0.518212,False,0,False,MATCH_OR_OTHER
469,4,uuuu,u,4,u,True,0.949712,False,0,False,MATCH_OR_OTHER
663,10,uuuuuuuuuu,u,10,u,True,0.558863,False,1,False,MATCH_OR_OTHER
1181,9,uuuuuuuud,d,8,d,False,-,False,4,False,MATCH_OR_OTHER
855,3,uud,d,2,d,False,-,False,0,False,MATCH_OR_OTHER
61,5,uuuuu,u,5,u,True,0.007154,True,1,True,DUPLICATE
477,9,uuuuuuuud,d,8,d,False,-,False,3,False,MATCH_OR_OTHER
938,3,uuu,u,3,u,True,0.615839,False,0,False,MATCH_OR_OTHER
82,11,uuuuuuuuuuu,u,11,u,True,0.191630,True,5,True,DUPLICATE
545,10,uuuuuuuudc,c,9,c,True,0.661686,False,4,False,MATCH_OR_OTHER
1257,7,cuuuuuu,u,7,u,True,0.903457,False,2,False,MATCH_OR_OTHER
13,8,uuuuuuuu,u,8,u,True,0.107773,True,2,True,DUPLICATE
124,3,uuu,u,3,u,True,0.874082,False,1,False,MATCH_OR_OTHER
722,8,uuuuuuuu,u,8,u,True,0.834837,False,3,False,MATCH_OR_OTHER
27,2,uu,u,2,u,True,0.287634,True,1,True,DUPLICATE
847,1,u,u,1,u,True,0.716943,False,0,False,MATCH_OR_OTHER
195,6,uuuuuu,u,6,u,True,0.375064,False,1,False,MATCH_OR_OTHER
723,4,uuuu,u,4,u,True,0.460657,False,1,False,MATCH_OR_OTHER
496,1,u,u,1,u,True,0.228407,True,1,True,DUPLICATE
714,23,uuuuuuuuuuuuuuuuuuuuuud,d,22,d,False,-,False,3,False,MATCH_OR_OTHER
621,16,uuuuuuuuuuuuuuuu,u,16,u,True,0.570204,False,7,False,MATCH_OR_OTHER
120,6,uuuuuu,u,6,u,True,0.871273,False,2,False,MATCH_OR_OTHER
1064,21,uuuuuuuuuuuuuuuuuuuuu,u,21,u,True,0.220203,True,8,True,DUPLICATE
97,1,u,u,1,u,True,0.345546,False,0,False,MATCH_OR_OTHER
690,6,uuuuuu,u,6,u,True,0.457863,False,3,False,MATCH_OR_OTHER
900,7,uuuuuud,d,6,d,False,-,False,2,False,MATCH_OR_OTHER
930,8,uuuuuuuu,u,8,u,True,0.598575,False,1,False,MATCH_OR_OTHER
424,9,uuuuuuuuu,u,9,u,True,0.746709,False,1,False,MATCH_OR_OTHER
129,1,u,u,1,u,True,0.945963,False,0,False,MATCH_OR_OTHER
227,2,ud,d,1,d,False,-,False,0,False,MATCH_OR_OTHER
614,1,u,u,1,u,True,0.035733,True,1,True,DUPLICATE
1247,16,cuuuuuuuuuuuuuud,d,15,d,False,-,False,4,False,MATCH_OR_OTHER
946,1,u,u,1,u,True,0.974227,False,0,False,MATCH_OR_OTHER
1052,6,uuuuuu,u,6,u,True,0.512565,False,1,False,MATCH_OR_OTHER
915,6,uuuuuu,u,6,u,True,0.467179,False,1,False,MATCH_OR_OTHER
1142,9,uuuuuuudc,c,8,c,True,0.437541,False,1,False,MATCH_OR_OTHER
929,11,uuuuuuuuuud,d,10,d,False,-,False,2,False,MATCH_OR_OTHER
1219,15,cuuuuuuuuuuuudc,c,14,c,True,0.146664,True,3,True,DUPLICATE
1061,10,uuuuuuuudc,c,9,c,True,0.791844,False,2,False,MATCH_OR_OTHER
378,11,uuuuuuuuuuu,u,11,u,True,0.390414,False,2,False,MATCH_OR_OTHER
328,5,uuudc,c,4,c,True,0.125272,True,3,True,DUPLICATE
1179,12,uuuuuuuuuuuu,u,12,u,True,0.658211,False,5,False,MATCH_OR_OTHER
702,4,uuuu,u,4,u,True,0.202469,True,3,True,DUPLICATE
270,3,uuu,u,3,u,True,0.091112,True,1,True,DUPLICATE
792,15,uuuuuuuuuuuuuud,d,14,d,False,-,False,4,False,MATCH_OR_OTHER
983,9,uuuuuuuuu,u,9,u,True,0.938497,False,2,False,MATCH_OR_OTHER
538,1,u,u,1,u,True,0.155036,True,1,True,DUPLICATE
1198,15,uuuuuuuuuuuuuuu,u,15,u,True,0.342748,False,5,False,MATCH_OR_OTHER
506,3,uud,d,2,d,False,-,False,0,False,MATCH_OR_OTHER
743,14,uuuuuuuuuuuuud,d,13,d,False,-,False,5,False,MATCH_OR_OTHER
235,15,uuuuuuuuuuuuuuu,u,15,u,True,0.688719,False,0,False,MATCH_OR_OTHER
5,12,uuuuuuuuuudc,c,11,c,True,0.549372,False,3,False,MATCH_OR_OTHER
40,3,uuu,u,3,u,True,0.800947,False,0,False,MATCH_OR_OTHER
298,6,uuuuuu,u,6,u,True,0.550726,False,0,False,MATCH_OR_OTHER
243,10,uuuuuuuuuu,u,10,u,True,0.994612,False,3,False,MATCH_OR_OTHER
410,5,uuuuu,u,5,u,True,0.075440,True,3,True,DUPLICATE
780,5,uuuuu,u,5,u,True,0.596553,False,2,False,MATCH_OR_OTHER
741,4,uuuu,u,4,u,True,0.179411,True,2,True,DUPLICATE
525,10,uuuuuuuuuu,u,10,u,True,0.891278,False,1,False,MATCH_OR_OTHER
1032,11,uuuuuuuuuuu,u,11,u,True,0.641383,False,3,False,MATCH_OR_OTHER
692,4,uuuu,u,4,u,True,0.188114,True,2,True,DUPLICATE
1089,8,uuuuuuuu,u,8,u,True,0.015546,True,2,True,DUPLICATE
824,7,uuuuuuu,u,7,u,True,0.301465,False,2,False,MATCH_OR_OTHER
1077,7,uuuuuuu,u,7,u,True,0.827472,False,1,False,MATCH_OR_OTHER
336,10,uuuuuuuuuu,u,10,u,True,0.002492,True,3,True,DUPLICATE
278,10,uuuuuuuuuu,u,10,u,True,0.754294,False,2,False,MATCH_OR_OTHER
594,12,uuuuuuuuuuud,d,11,d,False,-,False,6,False,MATCH_OR_OTHER
158,6,uuuuuu,u,6,u,True,0.562330,False,2,False,MATCH_OR_OTHER
335,1,u,u,1,u,True,0.196946,True,1,True,DUPLICATE
1146,6,uuuuuu,u,6,u,True,0.154171,True,2,True,DUPLICATE
171,5,uuuuu,u,5,u,True,0.678312,False,1,False,MATCH_OR_OTHER
939,11,uuuuuuuuuud,d,10,d,False,-,False,1,False,MATCH_OR_OTHER
83,6,uuuuud,d,5,d,False,-,False,2,False,MATCH_OR_OTHER
1246,4,cuud,d,3,d,False,-,False,0,False,MATCH_OR_OTHER
1079,3,uuu,u,3,u,True,0.173159,True,2,True,DUPLICATE
682,3,uuu,u,3,u,True,0.014352,True,1,True,DUPLICATE
151,11,uuuuuuuuuuu,u,11,u,True,0.460447,False,3,False,MATCH_OR_OTHER
314,5,uuuud,d,4,d,False,-,False,1,False,MATCH_OR_OTHER
839,6,uuuuuu,u,6,u,True,0.191900,True,2,True,DUPLICATE
351,11,uuuuuuuuuuu,u,11,u,True,0.059361,True,5,True,DUPLICATE
706,11,uuuuuuuuudc,c,10,c,True,0.395632,False,4,False,MATCH_OR_OTHER
922,6,uuuuuu,u,6,u,True,0.787111,False,0,False,MATCH_OR_OTHER
310,1,u,u,1,u,True,0.373904,False,0,False,MATCH_OR_OTHER
1123,9,uuuuuuuud,d,8,d,False,-,False,1,False,MATCH_OR_OTHER
592,3,udc,c,2,c,True,0.861507,False,0,False,MATCH_OR_OTHER
490,16,uuuuuuuuuuuuuuuu,u,16,u,True,0.111121,True,7,True,DUPLICATE
716,2,uu,u,2,u,True,0.594247,False,0,False,MATCH_OR_OTHER
1157,8,uuuuuuuu,u,8,u,True,0.104311,True,3,True,DUPLICATE
969,9,uuuuuuuuu,u,9,u,True,0.839857,False,3,False,MATCH_OR_OTHER
397,7,uuuuuuu,u,7,u,True,0.982010,False,0,False,MATCH_OR_OTHER
108,5,uuuuu,u,5,u,True,0.916904,False,1,False,MATCH_OR_OTHER
1200,7,uuuuuuu,u,7,u,True,0.417250,False,2,False,MATCH_OR_OTHER
953,4,uuuu,u,4,u,True,0.065370,True,1,True,DUPLICATE
819,1,u,u,1,u,True,0.009894,True,1,True,DUPLICATE
307,3,uuu,u,3,u,True,0.132367,True,1,True,DUPLICATE
478,4,uuud,d,3,d,False,-,False,0,False,MATCH_OR_OTHER
319,4,uuuu,u,4,u,True,0.917640,False,0,False,MATCH_OR_OTHER
600,11,uuuuuuuuuuu,u,11,u,True,0.455163,False,2,False,MATCH_OR_OTHER
1071,3,udc,c,2,c,True,0.020977,True,1,True,DUPLICATE
789,4,uuuu,u,4,u,True,0.609507,False,1,False,MATCH_OR_OTHER
853,6,uuuuuu,u,6,u,True,0.653666,False,2,False,MATCH_OR_OTHER
1174,11,uuuuuuuuuuu,u,11,u,True,0.279258,True,4,True,DUPLICATE
402,4,uudc,c,3,c,True,0.007971,True,2,True,DUPLICATE
770,12,uuuuuuuuuuud,d,11,d,False,-,False,3,False,MATCH_OR_OTHER
1222,3,cuu,u,3,u,True,0.666383,False,1,False,MATCH_OR_OTHER
539,10,uuuuuuuudc,c,9,c,True,0.761875,False,1,False,MATCH_OR_OTHER
1231,14,cuuuuuuuuuuuud,d,13,d,False,-,False,4,False,MATCH_OR_OTHER
12,8,uuuuuuuu,u,8,u,True,0.370562,False,2,False,MATCH_OR_OTHER
354,2,uu,u,2,u,True,0.437950,False,0,False,MATCH_OR_OTHER
895,5,uuudc,c,4,c,True,0.930493,False,2,False,MATCH_OR_OTHER
863,18,uuuuuuuuuuuuuuuuuu,u,18,u,True,0.568089,False,6,False,MATCH_OR_OTHER
92,13,uuuuuuuuuuudc,c,12,c,True,0.514712,False,3,False,MATCH_OR_OTHER
902,10,uuuuuuuuuu,u,10,u,True,0.654596,False,0,False,MATCH_OR_OTHER
56,6,uuuudc,c,5,c,True,0.205443,True,2,True,DUPLICATE
1202,4,cuuu,u,4,u,True,0.704023,False,0,False,MATCH_OR_OTHER
629,5,uuuuu,u,5,u,True,0.450712,False,1,False,MATCH_OR_OTHER
640,9,uuuuuuuuu,u,9,u,True,0.162242,True,2,True,DUPLICATE
1243,10,cuuuuuuuuu,u,10,u,True,0.809545,False,2,False,MATCH_OR_OTHER
577,3,uuu,u,3,u,True,0.167149,True,1,True,DUPLICATE
1084,13,uuuuuuuuuuuuu,u,13,u,True,0.050285,True,4,True,DUPLICATE
1069,9,uuuuuuuuu,u,9,u,True,0.188705,True,4,True,DUPLICATE
454,15,uuuuuuuuuuuuuuu,u,15,u,True,0.103679,True,5,True,DUPLICATE
797,10,uuuuuuuuud,d,9,d,False,-,False,2,False,MATCH_OR_OTHER
1176,9,uuuuuuuud,d,8,d,False,-,False,4,False,MATCH_OR_OTHER
4,1,u,u,1,u,True,0.496307,False,0,False,MATCH_OR_OTHER
1218,14,cuuuuuuuuuuuud,d,13,d,False,-,False,3,False,MATCH_OR_OTHER
507,9,uuuuuuuud,d,8,d,False,-,False,5,False,MATCH_OR_OTHER
740,9,uuuuuuuuu,u,9,u,True,0.244896,True,1,True,DUPLICATE
634,8,uuuuuuud,d,7,d,False,-,False,4,False,MATCH_OR_OTHER
172,1,u,u,1,u,True,0.282365,True,1,True,DUPLICATE
435,19,uuuuuuuuuuuuuuuuuuu,u,19,u,True,0.936628,False,6,False,MATCH_OR_OTHER
471,10,uuuuuuuuuu,u,10,u,True,0.951768,False,2,False,MATCH_OR_OTHER
965,7,uuuuuud,d,6,d,False,-,False,2,False,MATCH_OR_OTHER
931,8,uuuuuuuu,u,8,u,True,0.003069,True,3,True,DUPLICATE
1098,3,udc,c,2,c,True,0.474899,False,0,False,MATCH_OR_OTHER
45,18,uuuuuuuuuuuuuuuuuu,u,18,u,True,0.485608,False,7,False,MATCH_OR_OTHER
1230,8,cuuuuuuu,u,8,u,True,0.474656,False,2,False,MATCH_OR_OTHER
892,4,uuuu,u,4,u,True,0.391490,False,2,False,MATCH_OR_OTHER
123,3,uuu,u,3,u,True,0.597643,False,2,False,MATCH_OR_OTHER
616,5,uuuuu,u,5,u,True,0.689764,False,1,False,MATCH_OR_OTHER
16,4,uuuu,u,4,u,True,0.667970,False,1,False,MATCH_OR_OTHER
349,15,uuuuuuuuuuuuuuu,u,15,u,True,0.783406,False,3,False,MATCH_OR_OTHER
181,3,uuu,u,3,u,True,0.821139,False,0,False,MATCH_OR_OTHER
401,13,uuuuuuuuuuuuu,u,13,u,True,0.126283,True,5,True,DUPLICATE
610,8,uuuuuuuu,u,8,u,True,0.092267,True,3,True,DUPLICATE
1112,15,uuuuuuuuuuuuuuu,u,15,u,True,0.068301,True,8,True,DUPLICATE
105,8,uuuuuuuu,u,8,u,True,0.254929,True,5,True,DUPLICATE
175,7,uuuuuuu,u,7,u,True,0.109447,True,3,True,DUPLICATE
951,2,ud,d,1,d,False,-,False,0,False,MATCH_OR_OTHER
501,2,ud,d,1,d,False,-,False,0,False,MATCH_OR_OTHER
866,2,uu,u,2,u,True,0.320886,False,1,False,MATCH_OR_OTHER
587,9,uuuuuuudc,c,8,c,True,0.273148,True,2,True,DUPLICATE
1082,5,uuuud,d,4,d,False,-,False,2,False,MATCH_OR_OTHER
909,2,uu,u,2,u,True,0.729389,False,1,False,MATCH_OR_OTHER
818,10,uuuuuuuuud,d,9,d,False,-,False,2,False,MATCH_OR_OTHER
405,5,uuudc,c,4,c,True,0.132884,True,1,True,DUPLICATE
612,9,uuuuuuuud,d,8,d,False,-,False,4,False,MATCH_OR_OTHER
568,2,uu,u,2,u,True,0.502928,False,0,False,MATCH_OR_OTHER
725,4,uuuu,u,4,u,True,0.566384,False,0,False,MATCH_OR_OTHER
130,6,uuuuuu,u,6,u,True,0.609890,False,1,False,MATCH_OR_OTHER
907,9,uuuuuuuuu,u,9,u,True,0.464645,False,3,False,MATCH_OR_OTHER
1030,2,uu,u,2,u,True,0.777527,False,0,False,MATCH_OR_OTHER
494,4,uuuu,u,4,u,True,0.160052,True,3,True,DUPLICATE
628,12,uuuuuuuuuuuu,u,12,u,True,0.700253,False,3,False,MATCH_OR_OTHER
699,4,uuud,d,3,d,False,-,False,2,False,MATCH_OR_OTHER
305,8,uuuuuuuu,u,8,u,True,0.106938,True,3,True,DUPLICATE
1086,3,uuu,u,3,u,True,0.003221,True,1,True,DUPLICATE
389,9,uuuuuuuud,d,8,d,False,-,False,2,False,MATCH_OR_OTHER
928,5,uuuuu,u,5,u,True,0.858417,False,2,False,MATCH_OR_OTHER
31,1,u,u,1,u,True,0.283535,True,1,True,DUPLICATE
74,4,uuud,d,3,d,False,-,False,1,False,MATCH_OR_OTHER
649,3,uud,d,2,d,False,-,False,1,False,MATCH_OR_OTHER
758,5,uuuud,d,4,d,False,-,False,0,False,MATCH_OR_OTHER
331,5,uuuuu,u,5,u,True,0.644321,False,2,False,MATCH_OR_OTHER
343,13,uuuuuuuuuuuud,d,12,d,False,-,False,5,False,MATCH_OR_OTHER
1215,10,cuuuuuuuud,d,9,d,False,-,False,3,False,MATCH_OR_OTHER
1002,4,uuud,d,3,d,False,-,False,1,False,MATCH_OR_OTHER
1242,3,cuu,u,3,u,True,0.344344,False,1,False,MATCH_OR_OTHER
1070,4,uuuu,u,4,u,True,0.198062,True,1,True,DUPLICATE
874,9,uuuuuuuuu,u,9,u,True,0.394197,False,5,False,MATCH_OR_OTHER
990,7,uuuuuud,d,6,d,False,-,False,2,False,MATCH_OR_OTHER
325,4,uudc,c,3,c,True,0.849210,False,1,False,MATCH_OR_OTHER
1209,4,cuuu,u,4,u,True,0.293142,True,3,True,DUPLICATE
696,9,uuuuuuuuu,u,9,u,True,0.118758,True,5,True,DUPLICATE
541,2,uu,u,2,u,True,0.640085,False,0,False,MATCH_OR_OTHER
1008,2,uu,u,2,u,True,0.424020,False,0,False,MATCH_OR_OTHER
225,1,u,u,1,u,True,0.795427,False,0,False,MATCH_OR_OTHER
1062,2,uu,u,2,u,True,0.055115,True,2,True,DUPLICATE
582,4,uuud,d,3,d,False,-,False,2,False,MATCH_OR_OTHER
569,13,uuuuuuuuuuuuu,u,13,u,True,0.130312,True,7,True,DUPLICATE
668,17,uuuuuuuuuuuuuuuuu,u,17,u,True,0.417642,False,1,False,MATCH_OR_OTHER
1163,6,uuuuuu,u,6,u,True,0.353338,False,1,False,MATCH_OR_OTHER
366,3,uuu,u,3,u,True,0.302533,False,0,False,MATCH_OR_OTHER
662,4,uuuu,u,4,u,True,0.991394,False,0,False,MATCH_OR_OTHER
1233,5,cuudc,c,4,c,True,0.892873,False,0,False,MATCH_OR_OTHER
660,4,uuuu,u,4,u,True,0.202489,True,1,True,DUPLICATE
1042,3,uuu,u,3,u,True,0.229803,True,1,True,DUPLICATE
1018,5,uuudc,c,4,c,True,0.873438,False,1,False,MATCH_OR_OTHER
80,7,uuuuudc,c,6,c,True,0.806690,False,2,False,MATCH_OR_OTHER
724,8,uuuuuuuu,u,8,u,True,0.032762,True,3,True,DUPLICATE
731,9,uuuuuuuuu,u,9,u,True,0.987975,False,3,False,MATCH_OR_OTHER
1017,1,u,u,1,u,True,0.599359,False,0,False,MATCH_OR_OTHER
1127,5,uuudc,c,4,c,True,0.933437,False,0,False,MATCH_OR_OTHER
1122,10,uuuuuuuuud,d,9,d,False,-,False,3,False,MATCH_OR_OTHER
429,5,uuudc,c,4,c,True,0.141815,True,2,True,DUPLICATE
486,4,uuuu,u,4,u,True,0.364195,False,1,False,MATCH_OR_OTHER
884,4,uuud,d,3,d,False,-,False,1,False,MATCH_OR_OTHER
91,4,uuuu,u,4,u,True,0.798370,False,1,False,MATCH_OR_OTHER
222,4,uuuu,u,4,u,True,0.611212,False,1,False,MATCH_OR_OTHER
566,4,uuuu,u,4,u,True,0.085787,True,3,True,DUPLICATE
341,13,uuuuuuuuuuuuu,u,13,u,True,0.178829,True,2,True,DUPLICATE
1205,9,cuuuuuuuu,u,9,u,True,0.324329,False,4,False,MATCH_OR_OTHER
517,10,uuuuuuuudc,c,9,c,True,0.518499,False,2,False,MATCH_OR_OTHER
678,9,uuuuuuuuu,u,9,u,True,0.948298,False,2,False,MATCH_OR_OTHER
255,7,uuuuuuu,u,7,u,True,0.588168,False,3,False,MATCH_OR_OTHER
323,2,uu,u,2,u,True,0.955019,False,0,False,MATCH_OR_OTHER
1225,10,cuuuuuuuud,d,9,d,False,-,False,3,False,MATCH_OR_OTHER
186,2,uu,u,2,u,True,0.225279,True,1,True,DUPLICATE
1152,1,u,u,1,u,True,0.137017,True,1,True,DUPLICATE
974,7,uuuuuuu,u,7,u,True,0.511502,False,1,False,MATCH_OR_OTHER
1237,6,cuuuuu,u,6,u,True,0.584388,False,2,False,MATCH_OR_OTHER
283,2,uu,u,2,u,True,0.408050,False,0,False,MATCH_OR_OTHER
23,5,uuuuu,u,5,u,True,0.950378,False,1,False,MATCH_OR_OTHER
1060,5,uuuuu,u,5,u,True,0.890296,False,3,False,MATCH_OR_OTHER
1221,9,cuuuuuuuu,u,9,u,True,0.065544,True,6,True,DUPLICATE
470,6,uuuuuu,u,6,u,True,0.182322,True,4,True,DUPLICATE
798,10,uuuuuuuuuu,u,10,u,True,0.772628,False,4,False,MATCH_OR_OTHER
512,3,uuu,u,3,u,True,0.486373,False,0,False,MATCH_OR_OTHER
193,5,uuuuu,u,5,u,True,0.142661,True,3,True,DUPLICATE
364,11,uuuuuuuuuuu,u,11,u,True,0.467624,False,3,False,MATCH_OR_OTHER
1041,3,uuu,u,3,u,True,0.073674,True,3,True,DUPLICATE
107,2,ud,d,1,d,False,-,False,0,False,MATCH_OR_OTHER
904,11,uuuuuuuuuuu,u,11,u,True,0.066659,True,4,True,DUPLICATE
148,11,uuuuuuuuuuu,u,11,u,True,0.594943,False,1,False,MATCH_OR_OTHER
782,3,uuu,u,3,u,True,0.910190,False,0,False,MATCH_OR_OTHER
422,6,uuuudc,c,5,c,True,0.239361,True,1,True,DUPLICATE
352,8,uuuuuuuu,u,8,u,True,0.709779,False,2,False,MATCH_OR_OTHER
613,2,uu,u,2,u,True,0.627393,False,1,False,MATCH_OR_OTHER
128,13,uuuuuuuuuuuud,d,12,d,False,-,False,2,False,MATCH_OR_OTHER
1166,8,uuuuuudc,c,7,c,True,0.074470,True,3,True,DUPLICATE
357,8,uuuuuuuu,u,8,u,True,0.980576,False,1,False,MATCH_OR_OTHER
633,3,uuu,u,3,u,True,0.522072,False,0,False,MATCH_OR_OTHER
684,8,uuuuuuuu,u,8,u,True,0.834738,False,5,False,MATCH_OR_OTHER
644,3,uuu,u,3,u,True,0.033271,True,2,True,DUPLICATE
89,4,uuuu,u,4,u,True,0.495608,False,1,False,MATCH_OR_OTHER
647,17,uuuuuuuuuuuuuuuuu,u,17,u,True,0.698140,False,4,False,MATCH_OR_OTHER
390,12,uuuuuuuuuuuu,u,12,u,True,0.161256,True,5,True,DUPLICATE
851,4,uuud,d,3,d,False,-,False,2,False,MATCH_OR_OTHER
653,3,uuu,u,3,u,True,0.964722,False,1,False,MATCH_OR_OTHER
1104,14,uuuuuuuuuuuuuu,u,14,u,True,0.828596,False,6,False,MATCH_OR_OTHER
118,10,uuuuuuuuuu,u,10,u,True,0.850813,False,3,False,MATCH_OR_OTHER
968,1,u,u,1,u,True,0.729153,False,0,False,MATCH_OR_OTHER
451,4,uuuu,u,4,u,True,0.483603,False,0,False,MATCH_OR_OTHER
583,7,uuuuuuu,u,7,u,True,0.820439,False,2,False,MATCH_OR_OTHER
147,4,uuuu,u,4,u,True,0.052352,True,1,True,DUPLICATE
252,2,uu,u,2,u,True,0.542371,False,0,False,MATCH_OR_OTHER
948,12,uuuuuuuuuuuu,u,12,u,True,0.147414,True,7,True,DUPLICATE
430,11,uuuuuuuuuuu,u,11,u,True,0.486461,False,2,False,MATCH_OR_OTHER
1140,4,uuud,d,3,d,False,-,False,2,False,MATCH_OR_OTHER
622,6,uuuuud,d,5,d,False,-,False,0,False,MATCH_OR_OTHER
438,2,ud,d,1,d,False,-,False,0,False,MATCH_OR_OTHER
488,3,uuu,u,3,u,True,0.537523,False,1,False,MATCH_OR_OTHER
234,6,uuuudc,c,5,c,True,0.286418,True,3,True,DUPLICATE
785,9,uuuuuuuud,d,8,d,False,-,False,2,False,MATCH_OR_OTHER
522,5,uuuuu,u,5,u,True,0.927819,False,0,False,MATCH_OR_OTHER
955,1,u,u,1,u,True,0.196655,True,1,True,DUPLICATE
170,3,uuu,u,3,u,True,0.183356,True,2,True,DUPLICATE
285,8,uuuuuuuu,u,8,u,True,0.467875,False,3,False,MATCH_OR_OTHER
121,8,uuuuuuud,d,7,d,False,-,False,1,False,MATCH_OR_OTHER
910,6,uuuuuu,u,6,u,True,0.008577,True,3,True,DUPLICATE
1117,5,uuuuu,u,5,u,True,0.843231,False,1,False,MATCH_OR_OTHER
218,18,uuuuuuuuuuuuuuuuuu,u,18,u,True,0.570360,False,3,False,MATCH_OR_OTHER
20,2,uu,u,2,u,True,0.563224,False,0,False,MATCH_OR_OTHER
795,5,uuuuu,u,5,u,True,0.687834,False,3,False,MATCH_OR_OTHER
664,7,uuuuuuu,u,7,u,True,0.729475,False,4,False,MATCH_OR_OTHER
729,5,uuuuu,u,5,u,True,0.823712,False,2,False,MATCH_OR_OTHER
440,9,uuuuuuuud,d,8,d,False,-,False,2,False,MATCH_OR_OTHER
730,7,uuuuuuu,u,7,u,True,0.893739,False,1,False,MATCH_OR_OTHER
710,2,uu,u,2,u,True,0.411314,False,0,False,MATCH_OR_OTHER
3,3,uuu,u,3,u,True,0.061678,True,2,True,DUPLICATE
718,5,uuuud,d,4,d,False,-,False,2,False,MATCH_OR_OTHER
484,6,uuuuuu,u,6,u,True,0.785311,False,2,False,MATCH_OR_OTHER
434,6,uuuuuu,u,6,u,True,0.372044,False,1,False,MATCH_OR_OTHER
641,15,uuuuuuuuuuuuuuu,u,15,u,True,0.833506,False,5,False,MATCH_OR_OTHER
651,12,uuuuuuuuuudc,c,11,c,True,0.384840,False,4,False,MATCH_OR_OTHER
79,4,uuuu,u,4,u,True,0.762652,False,2,False,MATCH_OR_OTHER
1211,11,cuuuuuuuudc,c,10,c,True,0.162694,True,2,True,DUPLICATE
1068,2,uu,u,2,u,True,0.137867,True,1,True,DUPLICATE
767,7,uuuuuuu,u,7,u,True,0.666159,False,2,False,MATCH_OR_OTHER
1131,1,u,u,1,u,True,0.897445,False,0,False,MATCH_OR_OTHER
771,6,uuuuud,d,5,d,False,-,False,1,False,MATCH_OR_OTHER
44,1,u,u,1,u,True,0.884566,False,0,False,MATCH_OR_OTHER
808,4,uuuu,u,4,u,True,0.957541,False,1,False,MATCH_OR_OTHER
781,5,uuuud,d,4,d,False,-,False,1,False,MATCH_OR_OTHER
468,2,uu,u,2,u,True,0.296168,True,1,True,DUPLICATE
828,27,uuuuuuuuuuuuuuuuuuuuuuuuuuu,u,27,u,True,0.345180,False,4,False,MATCH_OR_OTHER
273,1,u,u,1,u,True,0.226049,True,1,True,DUPLICATE
127,7,uuuuuuu,u,7,u,True,0.857317,False,4,False,MATCH_OR_OTHER
750,6,uuuuuu,u,6,u,True,0.586847,False,1,False,MATCH_OR_OTHER
590,6,uuuuuu,u,6,u,True,0.442185,False,0,False,MATCH_OR_OTHER
212,3,uuu,u,3,u,True,0.463333,False,1,False,MATCH_OR_OTHER
426,11,uuuuuuuuudc,c,10,c,True,0.704694,False,3,False,MATCH_OR_OTHER
830,2,ud,d,1,d,False,-,False,0,False,MATCH_OR_OTHER
65,5,uuudc,c,4,c,True,0.862227,False,1,False,MATCH_OR_OTHER
783,9,uuuuuuuuu,u,9,u,True,0.606818,False,0,False,MATCH_OR_OTHER
1226,2,cu,u,2,u,True,0.461382,False,0,False,MATCH_OR_OTHER
1045,14,uuuuuuuuuuuuuu,u,14,u,True,0.945056,False,1,False,MATCH_OR_OTHER
73,13,uuuuuuuuuuuud,d,12,d,False,-,False,5,False,MATCH_OR_OTHER
1014,7,uuuuuuu,u,7,u,True,0.844457,False,1,False,MATCH_OR_OTHER
444,2,uu,u,2,u,True,0.830808,False,1,False,MATCH_OR_OTHER
476,2,uu,u,2,u,True,0.233858,True,1,True,DUPLICATE
606,4,uudc,c,3,c,True,0.149779,True,1,True,DUPLICATE
168,12,uuuuuuuuuuuu,u,12,u,True,0.955174,False,2,False,MATCH_OR_OTHER
297,9,uuuuuuuuu,u,9,u,True,0.891895,False,2,False,MATCH_OR_OTHER
21,12,uuuuuuuuuuuu,u,12,u,True,0.931933,False,2,False,MATCH_OR_OTHER
145,9,uuuuuuuuu,u,9,u,True,0.584642,False,1,False,MATCH_OR_OTHER
63,2,uu,u,2,u,True,0.649940,False,1,False,MATCH_OR_OTHER
271,5,uuuud,d,4,d,False,-,False,1,False,MATCH_OR_OTHER
605,3,uuu,u,3,u,True,0.219766,True,3,True,DUPLICATE
1080,8,uuuuuuuu,u,8,u,True,0.861192,False,1,False,MATCH_OR_OTHER
833,6,uuuuuu,u,6,u,True,0.744247,False,1,False,MATCH_OR_OTHER
245,11,uuuuuuuuuuu,u,11,u,True,0.520716,False,3,False,MATCH_OR_OTHER
1120,5,uuuuu,u,5,u,True,0.409733,False,2,False,MATCH_OR_OTHER
1206,4,cuud,d,3,d,False,-,False,2,False,MATCH_OR_OTHER
809,12,uuuuuuuuuuuu,u,12,u,True,0.112084,True,6,True,DUPLICATE
1220,13,cuuuuuuuuuudc,c,12,c,True,0.078476,True,5,True,DUPLICATE
1172,5,uuuuu,u,5,u,True,0.632783,False,0,False,MATCH_OR_OTHER
611,1,u,u,1,u,True,0.047774,True,1,True,DUPLICATE
236,10,uuuuuuuuuu,u,10,u,True,0.871422,False,2,False,MATCH_OR_OTHER
1182,11,uuuuuuuuuuu,u,11,u,True,0.067770,True,2,True,DUPLICATE
901,4,uuud,d,3,d,False,-,False,1,False,MATCH_OR_OTHER
1229,6,cuuuuu,u,6,u,True,0.389657,False,1,False,MATCH_OR_OTHER
777,4,uuud,d,3,d,False,-,False,2,False,MATCH_OR_OTHER
167,1,u,u,1,u,True,0.948746,False,0,False,MATCH_OR_OTHER
395,11,uuuuuuuuuud,d,10,d,False,-,False,5,False,MATCH_OR_OTHER
768,5,uuuud,d,4,d,False,-,False,2,False,MATCH_OR_OTHER
986,1,u,u,1,u,True,0.006897,True,1,True,DUPLICATE
834,3,uud,d,2,d,False,-,False,2,False,MATCH_OR_OTHER
165,10,uuuuuuuuuu,u,10,u,True,0.519257,False,0,False,MATCH_OR_OTHER
971,15,uuuuuuuuuuuuuuu,u,15,u,True,0.955098,False,6,False,MATCH_OR_OTHER
1063,13,uuuuuuuuuuuuu,u,13,u,True,0.405936,False,5,False,MATCH_OR_OTHER
693,11,uuuuuuuuuuu,u,11,u,True,0.441629,False,3,False,MATCH_OR_OTHER
242,8,uuuuuuuu,u,8,u,True,0.048828,True,3,True,DUPLICATE
18,13,uuuuuuuuuuuuu,u,13,u,True,0.159929,True,4,True,DUPLICATE
115,5,uuuuu,u,5,u,True,0.123969,True,2,True,DUPLICATE
299,2,uu,u,2,u,True,0.193096,True,1,True,DUPLICATE
935,8,uuuuuudc,c,7,c,True,0.910784,False,1,False,MATCH_OR_OTHER
1040,2,uu,u,2,u,True,0.906804,False,1,False,MATCH_OR_OTHER
520,3,uud,d,2,d,False,-,False,0,False,MATCH_OR_OTHER
32,7,uuuuuud,d,6,d,False,-,False,4,False,MATCH_OR_OTHER
620,2,uu,u,2,u,True,0.471814,False,1,False,MATCH_OR_OTHER
911,4,uuud,d,3,d,False,-,False,0,False,MATCH_OR_OTHER
759,15,uuuuuuuuuuuuuuu,u,15,u,True,0.463306,False,3,False,MATCH_OR_OTHER
19,9,uuuuuuuuu,u,9,u,True,0.978430,False,5,False,MATCH_OR_OTHER
109,5,uuuuu,u,5,u,True,0.226875,True,3,True,DUPLICATE
936,12,uuuuuuuuuuuu,u,12,u,True,0.416790,False,2,False,MATCH_OR_OTHER
801,3,uuu,u,3,u,True,0.413524,False,1,False,MATCH_OR_OTHER
1103,2,uu,u,2,u,True,0.397910,False,0,False,MATCH_OR_OTHER
381,8,uuuuuuuu,u,8,u,True,0.354422,False,1,False,MATCH_OR_OTHER
377,13,uuuuuuuuuuuuu,u,13,u,True,0.109200,True,8,True,DUPLICATE
921,3,uud,d,2,d,False,-,False,0,False,MATCH_OR_OTHER
756,6,uuuuuu,u,6,u,True,0.864723,False,0,False,MATCH_OR_OTHER
1223,13,cuuuuuuuuuuuu,u,13,u,True,0.721815,False,2,False,MATCH_OR_OTHER
191,13,uuuuuuuuuuuuu,u,13,u,True,0.422151,False,5,False,MATCH_OR_OTHER
947,7,uuuuuuu,u,7,u,True,0.062960,True,1,True,DUPLICATE
526,4,uuuu,u,4,u,True,0.351559,False,2,False,MATCH_OR_OTHER
1075,4,uuud,d,3,d,False,-,False,1,False,MATCH_OR_OTHER
238,5,uuuuu,u,5,u,True,0.963064,False,0,False,MATCH_OR_OTHER
472,4,uudc,c,3,c,True,0.584709,False,1,False,MATCH_OR_OTHER
337,13,uuuuuuuuuuudc,c,12,c,True,0.929787,False,3,False,MATCH_OR_OTHER
1128,3,udc,c,2,c,True,0.531829,False,1,False,MATCH_OR_OTHER
43,14,uuuuuuuuuuuuuu,u,14,u,True,0.453704,False,3,False,MATCH_OR_OTHER
100,3,uuu,u,3,u,True,0.127643,True,1,True,DUPLICATE
144,2,uu,u,2,u,True,0.630657,False,0,False,MATCH_OR_OTHER
793,11,uuuuuuuuuuu,u,11,u,True,0.909411,False,4,False,MATCH_OR_OTHER
142,6,uuuuuu,u,6,u,True,0.770302,False,1,False,MATCH_OR_OTHER
709,14,uuuuuuuuuuuuuu,u,14,u,True,0.040096,True,4,True,DUPLICATE
708,17,uuuuuuuuuuuuuuuuu,u,17,u,True,0.492425,False,6,False,MATCH_OR_OTHER
53,12,uuuuuuuuuuuu,u,12,u,True,0.076487,True,3,True,DUPLICATE
841,8,uuuuuuud,d,7,d,False,-,False,1,False,MATCH_OR_OTHER
843,3,uuu,u,3,u,True,0.013386,True,1,True,DUPLICATE
1189,2,uu,u,2,u,True,0.079935,True,1,True,DUPLICATE
997,8,uuuuuuuu,u,8,u,True,0.286466,True,4,True,DUPLICATE
941,2,uu,u,2,u,True,0.853938,False,0,False,MATCH_OR_OTHER
282,13,uuuuuuuuuuuuu,u,13,u,True,0.537239,False,6,False,MATCH_OR_OTHER
446,7,uuuuuuu,u,7,u,True,0.595052,False,2,False,MATCH_OR_OTHER
700,4,uuuu,u,4,u,True,0.954496,False,2,False,MATCH_OR_OTHER
976,9,uuuuuuuuu,u,9,u,True,0.091674,True,2,True,DUPLICATE
303,4,uuuu,u,4,u,True,0.841251,False,2,False,MATCH_OR_OTHER
596,3,udc,c,2,c,True,0.232951,True,1,True,DUPLICATE
1203,2,cu,u,2,u,True,0.058092,True,1,True,DUPLICATE
101,9,uuuuuuuud,d,8,d,False,-,False,4,False,MATCH_OR_OTHER
196,9,uuuuuuuud,d,8,d,False,-,False,1,False,MATCH_OR_OTHER
1073,12,uuuuuuuuuuuu,u,12,u,True,0.764882,False,2,False,MATCH_OR_OTHER
1034,6,uuuuuu,u,6,u,True,0.491832,False,3,False,MATCH_OR_OTHER
413,6,uuuuuu,u,6,u,True,0.373118,False,1,False,MATCH_OR_OTHER
1213,2,cu,u,2,u,True,0.342178,False,0,False,MATCH_OR_OTHER
570,4,uuuu,u,4,u,True,0.644611,False,1,False,MATCH_OR_OTHER
403,5,uuuuu,u,5,u,True,0.523475,False,2,False,MATCH_OR_OTHER
1036,4,uuuu,u,4,u,True,0.969150,False,1,False,MATCH_OR_OTHER
883,9,uuuuuuuuu,u,9,u,True,0.546635,False,4,False,MATCH_OR_OTHER
760,3,uuu,u,3,u,True,0.844134,False,2,False,MATCH_OR_OTHER
510,6,uuuuuu,u,6,u,True,0.419770,False,0,False,MATCH_OR_OTHER
1099,6,uuuuuu,u,6,u,True,0.638039,False,2,False,MATCH_OR_OTHER
1007,9,uuuuuuuud,d,8,d,False,-,False,4,False,MATCH_OR_OTHER
1049,13,uuuuuuuuuuuuu,u,13,u,True,0.284449,True,6,True,DUPLICATE
1212,16,cuuuuuuuuuuuuuuu,u,16,u,True,0.918904,False,6,False,MATCH_OR_OTHER
62,9,uuuuuuuud,d,8,d,False,-,False,3,False,MATCH_OR_OTHER
350,2,uu,u,2,u,True,0.183084,True,2,True,DUPLICATE
655,10,uuuuuuuuuu,u,10,u,True,0.752083,False,4,False,MATCH_OR_OTHER
1186,3,uuu,u,3,u,True,0.369678,False,1,False,MATCH_OR_OTHER
459,16,uuuuuuuuuuuuuudc,c,15,c,True,0.124233,True,4,True,DUPLICATE
113,7,uuuuuuu,u,7,u,True,0.758193,False,1,False,MATCH_OR_OTHER
96,3,uuu,u,3,u,True,0.896532,False,1,False,MATCH_OR_OTHER
293,8,uuuuuuuu,u,8,u,True,0.645794,False,2,False,MATCH_OR_OTHER
419,8,uuuuuuuu,u,8,u,True,0.525517,False,3,False,MATCH_OR_OTHER
825,2,ud,d,1,d,False,-,False,1,False,MATCH_OR_OTHER
492,1,u,u,1,u,True,0.808418,False,0,False,MATCH_OR_OTHER
1158,4,uuud,d,3,d,False,-,False,0,False,MATCH_OR_OTHER
908,2,uu,u,2,u,True,0.645129,False,0,False,MATCH_OR_OTHER
766,4,uuuu,u,4,u,True,0.347693,False,0,False,MATCH_OR_OTHER
28,3,uuu,u,3,u,True,0.970540,False,0,False,MATCH_OR_OTHER
266,1,u,u,1,u,True,0.254117,True,1,True,DUPLICATE
772,6,uuuuuu,u,6,u,True,0.529175,False,3,False,MATCH_OR_OTHER
1156,7,uuuuuuu,u,7,u,True,0.684959,False,1,False,MATCH_OR_OTHER
60,5,uuuud,d,4,d,False,-,False,1,False,MATCH_OR_OTHER
126,2,uu,u,2,u,True,0.469953,False,0,False,MATCH_OR_OTHER
639,16,uuuuuuuuuuuuuuud,d,15,d,False,-,False,4,False,MATCH_OR_OTHER
845,3,uuu,u,3,u,True,0.459790,False,1,False,MATCH_OR_OTHER
694,3,uuu,u,3,u,True,0.560331,False,0,False,MATCH_OR_OTHER
1137,6,uuuudc,c,5,c,True,0.715789,False,2,False,MATCH_OR_OTHER
36,8,uuuuuudc,c,7,c,True,0.871278,False,2,False,MATCH_OR_OTHER
897,2,uu,u,2,u,True,0.122492,True,1,True,DUPLICATE
791,6,uuuuuu,u,6,u,True,0.844529,False,0,False,MATCH_OR_OTHER
1114,6,uuuudc,c,5,c,True,0.509666,False,1,False,MATCH_OR_OTHER
624,1,u,u,1,u,True,0.014000,True,1,True,DUPLICATE
638,4,uuud,d,3,d,False,-,False,1,False,MATCH_OR_OTHER
1175,3,uuu,u,3,u,True,0.943141,False,0,False,MATCH_OR_OTHER
536,5,uuuud,d,4,d,False,-,False,1,False,MATCH_OR_OTHER
24,2,uu,u,2,u,True,0.344187,False,0,False,MATCH_OR_OTHER
814,4,uuuu,u,4,u,True,0.413414,False,2,False,MATCH_OR_OTHER
78,5,uuuuu,u,5,u,True,0.679141,False,3,False,MATCH_OR_OTHER
1056,9,uuuuuuuuu,u,9,u,True,0.698226,False,4,False,MATCH_OR_OTHER
308,5,uuuuu,u,5,u,True,0.065218,True,2,True,DUPLICATE
1083,1,u,u,1,u,True,0.993863,False,0,False,MATCH_OR_OTHER
861,3,uuu,u,3,u,True,0.042484,True,1,True,DUPLICATE
811,7,uuuuuuu,u,7,u,True,0.638441,False,2,False,MATCH_OR_OTHER
371,2,uu,u,2,u,True,0.091457,True,1,True,DUPLICATE
991,2,uu,u,2,u,True,0.847268,False,0,False,MATCH_OR_OTHER
275,8,uuuuuuuu,u,8,u,True,0.722174,False,2,False,MATCH_OR_OTHER
461,3,uud,d,2,d,False,-,False,2,False,MATCH_OR_OTHER
927,5,uuuuu,u,5,u,True,0.599053,False,2,False,MATCH_OR_OTHER
648,1,u,u,1,u,True,0.707813,False,0,False,MATCH_OR_OTHER
392,7,uuuuuuu,u,7,u,True,0.385318,False,1,False,MATCH_OR_OTHER
1043,6,uuuuuu,u,6,u,True,0.119374,True,3,True,DUPLICATE
813,4,uuuu,u,4,u,True,0.631407,False,2,False,MATCH_OR_OTHER
745,5,uuuud,d,4,d,False,-,False,1,False,MATCH_OR_OTHER
672,2,ud,d,1,d,False,-,False,0,False,MATCH_OR_OTHER
1244,5,cuuuu,u,5,u,True,0.019655,True,2,True,DUPLICATE
964,1,u,u,1,u,True,0.190905,True,1,True,DUPLICATE
595,9,uuuuuuuuu,u,9,u,True,0.135407,True,5,True,DUPLICATE
1204,7,cuuuuuu,u,7,u,True,0.023482,True,3,True,DUPLICATE
1252,5,cuuuu,u,5,u,True,0.829999,False,1,False,MATCH_OR_OTHER
416,5,uuuuu,u,5,u,True,0.186696,True,3,True,DUPLICATE
972,7,uuuuuuu,u,7,u,True,0.282150,True,2,True,DUPLICATE
786,2,ud,d,1,d,False,-,False,1,False,MATCH_OR_OTHER
963,5,uuuuu,u,5,u,True,0.999751,False,3,False,MATCH_OR_OTHER
391,7,uuuuuuu,u,7,u,True,0.085813,True,4,True,DUPLICATE
150,3,uud,d,2,d,False,-,False,0,False,MATCH_OR_OTHER
345,3,udc,c,2,c,True,0.185620,True,2,True,DUPLICATE
967,17,uuuuuuuuuuuuuuuuu,u,17,u,True,0.251939,True,7,True,DUPLICATE
1193,2,uu,u,2,u,True,0.814577,False,0,False,MATCH_OR_OTHER
864,7,uuuuuuu,u,7,u,True,0.138980,True,4,True,DUPLICATE
1097,9,uuuuuuuud,d,8,d,False,-,False,2,False,MATCH_OR_OTHER
755,9,uuuuuuudc,c,8,c,True,0.154163,True,3,True,DUPLICATE
199,3,uuu,u,3,u,True,0.948703,False,0,False,MATCH_OR_OTHER
602,6,uuuuuu,u,6,u,True,0.890486,False,4,False,MATCH_OR_OTHER
248,7,uuuuuuu,u,7,u,True,0.264149,True,3,True,DUPLICATE
1187,7,uuuuuuu,u,7,u,True,0.240115,True,2,True,DUPLICATE
219,2,uu,u,2,u,True,0.070312,True,1,True,DUPLICATE
427,4,uuuu,u,4,u,True,0.931607,False,2,False,MATCH_OR_OTHER
887,3,uuu,u,3,u,True,0.799754,False,0,False,MATCH_OR_OTHER
617,5,uuuuu,u,5,u,True,0.248852,True,2,True,DUPLICATE
98,3,uud,d,2,d,False,-,False,2,False,MATCH_OR_OTHER
778,3,uud,d,2,d,False,-,False,0,False,MATCH_OR_OTHER
850,3,uuu,u,3,u,True,0.201393,True,2,True,DUPLICATE
548,3,uuu,u,3,u,True,0.814386,False,0,False,MATCH_OR_OTHER
588,2,uu,u,2,u,True,0.518244,False,0,False,MATCH_OR_OTHER
646,5,uuuuu,u,5,u,True,0.541028,False,1,False,MATCH_OR_OTHER
1250,5,cuuuu,u,5,u,True,0.556671,False,0,False,MATCH_OR_OTHER
1110,2,uu,u,2,u,True,0.651348,False,1,False,MATCH_OR_OTHER
686,8,uuuuuuuu,u,8,u,True,0.805049,False,1,False,MATCH_OR_OTHER
1106,7,uuuuuuu,u,7,u,True,0.188983,True,3,True,DUPLICATE
1162,4,uuud,d,3,d,False,-,False,0,False,MATCH_OR_OTHER
790,5,uuuuu,u,5,u,True,0.824321,False,0,False,MATCH_OR_OTHER
244,5,uuuuu,u,5,u,True,0.931861,False,1,False,MATCH_OR_OTHER
2,1,u,u,1,u,True,0.648912,False,0,False,MATCH_OR_OTHER
738,8,uuuuuuuu,u,8,u,True,0.730026,False,3,False,MATCH_OR_OTHER
1078,13,uuuuuuuuuuuuu,u,13,u,True,0.735956,False,5,False,MATCH_OR_OTHER
637,3,uud,d,2,d,False,-,False,0,False,MATCH_OR_OTHER
256,1,u,u,1,u,True,0.335496,False,0,False,MATCH_OR_OTHER
1135,5,uuuuu,u,5,u,True,0.539038,False,1,False,MATCH_OR_OTHER
190,9,uuuuuuuuu,u,9,u,True,0.035357,True,2,True,DUPLICATE
178,4,uuuu,u,4,u,True,0.609693,False,0,False,MATCH_OR_OTHER
198,1,u,u,1,u,True,0.522495,False,0,False,MATCH_OR_OTHER
720,2,uu,u,2,u,True,0.100201,True,1,True,DUPLICATE
1249,10,cuuuuuuuud,d,9,d,False,-,False,0,False,MATCH_OR_OTHER
987,1,u,u,1,u,True,0.809024,False,0,False,MATCH_OR_OTHER
485,1,u,u,1,u,True,0.632772,False,0,False,MATCH_OR_OTHER
135,5,uuuuu,u,5,u,True,0.406441,False,1,False,MATCH_OR_OTHER
372,20,uuuuuuuuuuuuuuuuuudc,c,19,c,True,0.964748,False,8,False,MATCH_OR_OTHER
93,1,u,u,1,u,True,0.417749,False,0,False,MATCH_OR_OTHER
1054,4,uuuu,u,4,u,True,0.278373,True,1,True,DUPLICATE
831,4,uuuu,u,4,u,True,0.793892,False,0,False,MATCH_OR_OTHER
1001,8,uuuuuuuu,u,8,u,True,0.938684,False,2,False,MATCH_OR_OTHER
1015,8,uuuuuudc,c,7,c,True,0.100083,True,2,True,DUPLICATE
1009,2,uu,u,2,u,True,0.103663,True,1,True,DUPLICATE
1240,4,cuuu,u,4,u,True,0.232831,True,2,True,DUPLICATE
934,18,uuuuuuuuuuuuuuuuuu,u,18,u,True,0.291547,True,8,True,DUPLICATE
615,7,uuuuuuu,u,7,u,True,0.804753,False,2,False,MATCH_OR_OTHER
228,14,uuuuuuuuuuuuuu,u,14,u,True,0.604049,False,3,False,MATCH_OR_OTHER
544,7,uuuuuuu,u,7,u,True,0.072568,True,3,True,DUPLICATE
827,7,uuuuuuu,u,7,u,True,0.405523,False,2,False,MATCH_OR_OTHER
50,3,uuu,u,3,u,True,0.325441,False,1,False,MATCH_OR_OTHER
46,12,uuuuuuuuuuuu,u,12,u,True,0.993676,False,4,False,MATCH_OR_OTHER
291,6,uuuuuu,u,6,u,True,0.025853,True,3,True,DUPLICATE
1170,6,uuuuuu,u,6,u,True,0.667980,False,3,False,MATCH_OR_OTHER
826,4,uudc,c,3,c,True,0.955727,False,0,False,MATCH_OR_OTHER
258,3,uuu,u,3,u,True,0.409929,False,0,False,MATCH_OR_OTHER
1234,9,cuuuuuuuu,u,9,u,True,0.614681,False,1,False,MATCH_OR_OTHER
205,3,uuu,u,3,u,True,0.677053,False,1,False,MATCH_OR_OTHER
184,3,uud,d,2,d,False,-,False,0,False,MATCH_OR_OTHER
727,5,uuuuu,u,5,u,True,0.221797,True,1,True,DUPLICATE
1109,4,uuuu,u,4,u,True,0.808560,False,2,False,MATCH_OR_OTHER
33,9,uuuuuuuuu,u,9,u,True,0.111423,True,2,True,DUPLICATE
192,3,uud,d,2,d,False,-,False,0,False,MATCH_OR_OTHER
579,2,ud,d,1,d,False,-,False,0,False,MATCH_OR_OTHER
802,3,uuu,u,3,u,True,0.336161,False,0,False,MATCH_OR_OTHER
329,4,uuuu,u,4,u,True,0.449368,False,2,False,MATCH_OR_OTHER
355,4,uuuu,u,4,u,True,0.650527,False,1,False,MATCH_OR_OTHER
1033,3,uuu,u,3,u,True,0.621100,False,0,False,MATCH_OR_OTHER
290,4,uuuu,u,4,u,True,0.763515,False,1,False,MATCH_OR_OTHER
1183,3,uuu,u,3,u,True,0.033767,True,1,True,DUPLICATE
645,3,uuu,u,3,u,True,0.779363,False,0,False,MATCH_OR_OTHER
838,2,uu,u,2,u,True,0.367534,False,0,False,MATCH_OR_OTHER
223,9,uuuuuuuuu,u,9,u,True,0.407912,False,3,False,MATCH_OR_OTHER
575,8,uuuuuuuu,u,8,u,True,0.472758,False,5,False,MATCH_OR_OTHER
373,2,uu,u,2,u,True,0.780608,False,0,False,MATCH_OR_OTHER
1201,7,cuuuudc,c,6,c,True,0.177606,True,1,True,DUPLICATE
871,4,uuuu,u,4,u,True,0.110263,True,3,True,DUPLICATE
237,6,uuuuud,d,5,d,False,-,False,2,False,MATCH_OR_OTHER
1208,3,cuu,u,3,u,True,0.296063,True,1,True,DUPLICATE
794,10,uuuuuuuuud,d,9,d,False,-,False,3,False,MATCH_OR_OTHER
1132,4,uuuu,u,4,u,True,0.627724,False,0,False,MATCH_OR_OTHER
1031,2,uu,u,2,u,True,0.912515,False,0,False,MATCH_OR_OTHER
1118,7,uuuuuuu,u,7,u,True,0.907686,False,3,False,MATCH_OR_OTHER
689,3,uuu,u,3,u,True,0.877320,False,0,False,MATCH_OR_OTHER
1100,3,uud,d,2,d,False,-,False,1,False,MATCH_OR_OTHER
707,2,uu,u,2,u,True,0.065817,True,1,True,DUPLICATE
1126,4,uuuu,u,4,u,True,0.904639,False,1,False,MATCH_OR_OTHER
502,2,uu,u,2,u,True,0.882126,False,0,False,MATCH_OR_OTHER
728,9,uuuuuuuuu,u,9,u,True,0.722030,False,4,False,MATCH_OR_OTHER
365,11,uuuuuuuuuuu,u,11,u,True,0.944365,False,1,False,MATCH_OR_OTHER
687,3,uuu,u,3,u,True,0.779971,False,0,False,MATCH_OR_OTHER
549,1,u,u,1,u,True,0.554976,False,0,False,MATCH_OR_OTHER
26,10,uuuuuuuuuu,u,10,u,True,0.304244,False,2,False,MATCH_OR_OTHER
926,2,uu,u,2,u,True,0.575965,False,0,False,MATCH_OR_OTHER
247,5,uuuuu,u,5,u,True,0.801526,False,0,False,MATCH_OR_OTHER
114,17,uuuuuuuuuuuuuuuuu,u,17,u,True,0.977391,False,6,False,MATCH_OR_OTHER
132,9,uuuuuuuuu,u,9,u,True,0.108278,True,2,True,DUPLICATE
22,4,uuuu,u,4,u,True,0.247353,True,4,True,DUPLICATE
816,2,uu,u,2,u,True,0.477697,False,0,False,MATCH_OR_OTHER
487,7,uuuuuuu,u,7,u,True,0.655607,False,3,False,MATCH_OR_OTHER
528,6,uuuuuu,u,6,u,True,0.879571,False,2,False,MATCH_OR_OTHER
409,3,uuu,u,3,u,True,0.957916,False,0,False,MATCH_OR_OTHER
820,5,uuuuu,u,5,u,True,0.192496,True,3,True,DUPLICATE
898,4,uudc,c,3,c,True,0.488409,False,0,False,MATCH_OR_OTHER
333,8,uuuuuuuu,u,8,u,True,0.098751,True,5,True,DUPLICATE
241,3,uuu,u,3,u,True,0.181621,True,2,True,DUPLICATE
519,6,uuuuuu,u,6,u,True,0.295786,True,3,True,DUPLICATE
214,6,uuuudc,c,5,c,True,0.632513,False,2,False,MATCH_OR_OTHER
982,1,u,u,1,u,True,0.406579,False,0,False,MATCH_OR_OTHER
448,4,uuuu,u,4,u,True,0.155078,True,2,True,DUPLICATE
362,6,uuuuuu,u,6,u,True,0.954941,False,3,False,MATCH_OR_OTHER
380,4,uuuu,u,4,u,True,0.074439,True,3,True,DUPLICATE
263,5,uuuuu,u,5,u,True,0.642038,False,2,False,MATCH_OR_OTHER
379,3,uuu,u,3,u,True,0.430714,False,1,False,MATCH_OR_OTHER
174,3,uuu,u,3,u,True,0.615054,False,1,False,MATCH_OR_OTHER
322,5,uuuuu,u,5,u,True,0.599093,False,2,False,MATCH_OR_OTHER
1119,8,uuuuuuud,d,7,d,False,-,False,3,False,MATCH_OR_OTHER
201,2,ud,d,1,d,False,-,False,1,False,MATCH_OR_OTHER
1139,2,uu,u,2,u,True,0.843750,False,0,False,MATCH_OR_OTHER
984,2,uu,u,2,u,True,0.193816,True,2,True,DUPLICATE
788,4,uuuu,u,4,u,True,0.199252,True,2,True,DUPLICATE
1016,6,uuuuuu,u,6,u,True,0.954211,False,1,False,MATCH_OR_OTHER
844,10,uuuuuuuuuu,u,10,u,True,0.430744,False,2,False,MATCH_OR_OTHER
509,1,u,u,1,u,True,0.536944,False,0,False,MATCH_OR_OTHER
9,5,uuuuu,u,5,u,True,0.794874,False,1,False,MATCH_OR_OTHER
1210,4,cuuu,u,4,u,True,0.976693,False,0,False,MATCH_OR_OTHER
202,6,uuuuuu,u,6,u,True,0.185547,True,1,True,DUPLICATE
140,3,uuu,u,3,u,True,0.968478,False,0,False,MATCH_OR_OTHER
318,3,uuu,u,3,u,True,0.592184,False,1,False,MATCH_OR_OTHER
289,1,u,u,1,u,True,0.285473,True,1,True,DUPLICATE
51,2,uu,u,2,u,True,0.488848,False,0,False,MATCH_OR_OTHER
860,6,uuuuuu,u,6,u,True,0.232235,True,3,True,DUPLICATE
394,2,uu,u,2,u,True,0.659184,False,1,False,MATCH_OR_OTHER
246,7,uuuuudc,c,6,c,True,0.587937,False,2,False,MATCH_OR_OTHER
369,11,uuuuuuuuuuu,u,11,u,True,0.847284,False,2,False,MATCH_OR_OTHER
423,22,uuuuuuuuuuuuuuuuuuuuuu,u,22,u,True,0.260476,True,7,True,DUPLICATE
25,1,u,u,1,u,True,0.481674,False,0,False,MATCH_OR_OTHER
99,2,ud,d,1,d,False,-,False,0,False,MATCH_OR_OTHER
775,10,uuuuuuuuud,d,9,d,False,-,False,3,False,MATCH_OR_OTHER
870,3,uuu,u,3,u,True,0.552373,False,1,False,MATCH_OR_OTHER
764,4,uuuu,u,4,u,True,0.802964,False,1,False,MATCH_OR_OTHER
837,6,uuuuud,d,5,d,False,-,False,2,False,MATCH_OR_OTHER
169,3,uuu,u,3,u,True,0.899538,False,2,False,MATCH_OR_OTHER
356,3,uuu,u,3,u,True,0.213518,True,2,True,DUPLICATE
973,14,uuuuuuuuuuuuuu,u,14,u,True,0.002841,True,6,True,DUPLICATE
627,2,uu,u,2,u,True,0.930315,False,1,False,MATCH_OR_OTHER
636,3,uuu,u,3,u,True,0.828160,False,2,False,MATCH_OR_OTHER
1134,2,uu,u,2,u,True,0.014206,True,1,True,DUPLICATE
262,3,uuu,u,3,u,True,0.688941,False,0,False,MATCH_OR_OTHER
547,1,u,u,1,u,True,0.629837,False,0,False,MATCH_OR_OTHER
779,4,uudc,c,3,c,True,0.570037,False,0,False,MATCH_OR_OTHER
546,4,uuud,d,3,d,False,-,False,0,False,MATCH_OR_OTHER
473,1,u,u,1,u,True,0.724729,False,0,False,MATCH_OR_OTHER
154,3,uuu,u,3,u,True,0.927426,False,1,False,MATCH_OR_OTHER
619,12,uuuuuuuuuuuu,u,12,u,True,0.920598,False,4,False,MATCH_OR_OTHER
55,11,uuuuuuuuuuu,u,11,u,True,0.769832,False,2,False,MATCH_OR_OTHER
992,5,uuuuu,u,5,u,True,0.943220,False,0,False,MATCH_OR_OTHER
1020,1,u,u,1,u,True,0.679043,False,0,False,MATCH_OR_OTHER
1155,1,u,u,1,u,True,0.478398,False,0,False,MATCH_OR_OTHER
166,2,uu,u,2,u,True,0.458403,False,0,False,MATCH_OR_OTHER
1059,8,uuuuuuud,d,7,d,False,-,False,3,False,MATCH_OR_OTHER
1228,5,cuuuu,u,5,u,True,0.841086,False,0,False,MATCH_OR_OTHER
564,11,uuuuuuuuuuu,u,11,u,True,0.765788,False,3,False,MATCH_OR_OTHER
398,3,uuu,u,3,u,True,0.985882,False,2,False,MATCH_OR_OTHER
339,2,uu,u,2,u,True,0.377993,False,1,False,MATCH_OR_OTHER
415,2,uu,u,2,u,True,0.097172,True,1,True,DUPLICATE
229,3,uuu,u,3,u,True,0.046680,True,1,True,DUPLICATE
530,7,uuuuuuu,u,7,u,True,0.154762,True,3,True,DUPLICATE
852,3,uud,d,2,d,False,-,False,1,False,MATCH_OR_OTHER
558,8,uuuuuuud,d,7,d,False,-,False,4,False,MATCH_OR_OTHER
804,9,uuuuuuuuu,u,9,u,True,0.721919,False,3,False,MATCH_OR_OTHER
155,9,uuuuuuuuu,u,9,u,True,0.764054,False,1,False,MATCH_OR_OTHER
14,8,uuuuuuuu,u,8,u,True,0.111289,True,3,True,DUPLICATE
489,8,uuuuuuuu,u,8,u,True,0.396892,False,2,False,MATCH_OR_OTHER
1005,5,uuuuu,u,5,u,True,0.223638,True,2,True,DUPLICATE
143,6,uuuuuu,u,6,u,True,0.191462,True,2,True,DUPLICATE
1235,10,cuuuuuuuuu,u,10,u,True,0.145186,True,4,True,DUPLICATE
58,5,uuuuu,u,5,u,True,0.653338,False,0,False,MATCH_OR_OTHER
396,1,u,u,1,u,True,0.889192,False,0,False,MATCH_OR_OTHER
1188,3,uuu,u,3,u,True,0.241576,True,2,True,DUPLICATE
230,3,uuu,u,3,u,True,0.405076,False,1,False,MATCH_OR_OTHER
975,4,uudc,c,3,c,True,0.183001,True,3,True,DUPLICATE
970,4,uuuu,u,4,u,True,0.899643,False,2,False,MATCH_OR_OTHER
432,7,uuuuuuu,u,7,u,True,0.297168,True,2,True,DUPLICATE
654,10,uuuuuuuuuu,u,10,u,True,0.129433,True,4,True,DUPLICATE
106,2,uu,u,2,u,True,0.315174,False,0,False,MATCH_OR_OTHER
1111,7,uuuuuuu,u,7,u,True,0.676776,False,1,False,MATCH_OR_OTHER
589,2,uu,u,2,u,True,0.919631,False,1,False,MATCH_OR_OTHER
989,5,uuuuu,u,5,u,True,0.702604,False,2,False,MATCH_OR_OTHER
603,2,uu,u,2,u,True,0.212555,True,1,True,DUPLICATE
742,7,uuuuuud,d,6,d,False,-,False,1,False,MATCH_OR_OTHER
1092,7,uuuuuuu,u,7,u,True,0.808115,False,2,False,MATCH_OR_OTHER
625,8,uuuuuuud,d,7,d,False,-,False,4,False,MATCH_OR_OTHER
650,2,uu,u,2,u,True,0.106424,True,2,True,DUPLICATE
206,9,uuuuuuuuu,u,9,u,True,0.221520,True,5,True,DUPLICATE
493,5,uuuuu,u,5,u,True,0.238337,True,1,True,DUPLICATE
1129,2,ud,d,1,d,False,-,False,0,False,MATCH_OR_OTHER
807,5,uuudc,c,4,c,True,0.280763,True,3,True,DUPLICATE
481,2,uu,u,2,u,True,0.270755,True,1,True,DUPLICATE
1165,3,udc,c,2,c,True,0.067776,True,1,True,DUPLICATE
361,1,u,u,1,u,True,0.111724,True,1,True,DUPLICATE
552,7,uuuuuuu,u,7,u,True,0.069217,True,2,True,DUPLICATE
516,3,uuu,u,3,u,True,0.328997,False,0,False,MATCH_OR_OTHER
326,2,uu,u,2,u,True,0.696178,False,1,False,MATCH_OR_OTHER
39,5,uuuuu,u,5,u,True,0.647263,False,1,False,MATCH_OR_OTHER
68,4,uuuu,u,4,u,True,0.297703,True,3,True,DUPLICATE
732,2,ud,d,1,d,False,-,False,0,False,MATCH_OR_OTHER
551,6,uuuuuu,u,6,u,True,0.349722,False,3,False,MATCH_OR_OTHER
1022,5,uuudc,c,4,c,True,0.096752,True,2,True,DUPLICATE
321,7,uuuuuuu,u,7,u,True,0.298337,True,2,True,DUPLICATE
418,10,uuuuuuuuuu,u,10,u,True,0.320969,False,1,False,MATCH_OR_OTHER
1256,6,cuuuuu,u,6,u,True,0.154779,True,1,True,DUPLICATE
1076,2,uu,u,2,u,True,0.177415,True,2,True,DUPLICATE
945,14,uuuuuuuuuuuuud,d,13,d,False,-,False,2,False,MATCH_OR_OTHER
64,6,uuuuuu,u,6,u,True,0.283374,True,2,True,DUPLICATE
1088,10,uuuuuuuuuu,u,10,u,True,0.483964,False,6,False,MATCH_OR_OTHER
958,4,uuuu,u,4,u,True,0.743342,False,1,False,MATCH_OR_OTHER
1115,6,uuuuuu,u,6,u,True,0.800486,False,3,False,MATCH_OR_OTHER
347,2,uu,u,2,u,True,0.808229,False,0,False,MATCH_OR_OTHER
367,4,uuuu,u,4,u,True,0.107146,True,1,True,DUPLICATE
803,6,uuuuuu,u,6,u,True,0.461378,False,1,False,MATCH_OR_OTHER
733,5,uuuuu,u,5,u,True,0.016699,True,3,True,DUPLICATE
1057,3,udc,c,2,c,True,0.859148,False,0,False,MATCH_OR_OTHER
185,7,uuuuuuu,u,7,u,True,0.267850,True,3,True,DUPLICATE
442,1,u,u,1,u,True,0.947355,False,0,False,MATCH_OR_OTHER
311,5,uuuuu,u,5,u,True,0.734006,False,2,False,MATCH_OR_OTHER
1260,3,cuu,u,3,u,True,0.834175,False,0,False,MATCH_OR_OTHER
1035,2,uu,u,2,u,True,0.849408,False,1,False,MATCH_OR_OTHER
233,16,uuuuuuuuuuuuuuud,d,15,d,False,-,False,4,False,MATCH_OR_OTHER
34,1,u,u,1,u,True,0.255839,True,1,True,DUPLICATE
879,1,u,u,1,u,True,0.983039,False,0,False,MATCH_OR_OTHER
980,7,uuuuuuu,u,7,u,True,0.073719,True,2,True,DUPLICATE
159,3,uuu,u,3,u,True,0.991102,False,1,False,MATCH_OR_OTHER
817,3,uuu,u,3,u,True,0.881614,False,0,False,MATCH_OR_OTHER
657,2,ud,d,1,d,False,-,False,0,False,MATCH_OR_OTHER
559,3,uuu,u,3,u,True,0.012638,True,2,True,DUPLICATE
784,5,uuuuu,u,5,u,True,0.178628,True,2,True,DUPLICATE
555,16,uuuuuuuuuuuuuuuu,u,16,u,True,0.454423,False,4,False,MATCH_OR_OTHER
954,2,uu,u,2,u,True,0.705490,False,1,False,MATCH_OR_OTHER
1241,13,cuuuuuuuuuuuu,u,13,u,True,0.429174,False,3,False,MATCH_OR_OTHER
1,3,uuu,u,3,u,True,0.826594,False,0,False,MATCH_OR_OTHER
102,3,uud,d,2,d,False,-,False,0,False,MATCH_OR_OTHER
885,9,uuuuuuuuu,u,9,u,True,0.347718,False,2,False,MATCH_OR_OTHER
1024,2,uu,u,2,u,True,0.369419,False,1,False,MATCH_OR_OTHER
220,5,uuuuu,u,5,u,True,0.575269,False,1,False,MATCH_OR_OTHER
1108,4,uuuu,u,4,u,True,0.567872,False,1,False,MATCH_OR_OTHER
17,4,uuud,d,3,d,False,-,False,2,False,MATCH_OR_OTHER
54,8,uuuuuuud,d,7,d,False,-,False,3,False,MATCH_OR_OTHER
1090,2,uu,u,2,u,True,0.513599,False,0,False,MATCH_OR_OTHER
523,3,uuu,u,3,u,True,0.301767,False,1,False,MATCH_OR_OTHER
1245,5,cuuuu,u,5,u,True,0.798065,False,0,False,MATCH_OR_OTHER
859,1,u,u,1,u,True,0.862520,False,0,False,MATCH_OR_OTHER
279,4,uuuu,u,4,u,True,0.268067,True,2,True,DUPLICATE
712,8,uuuuuuuu,u,8,u,True,0.690523,False,5,False,MATCH_OR_OTHER
284,6,uuuuuu,u,6,u,True,0.204480,True,3,True,DUPLICATE
618,6,uuuuuu,u,6,u,True,0.129609,True,4,True,DUPLICATE
75,3,uud,d,2,d,False,-,False,1,False,MATCH_OR_OTHER
658,10,uuuuuuuuuu,u,10,u,True,0.392000,False,2,False,MATCH_OR_OTHER
914,1,u,u,1,u,True,0.022533,True,1,True,DUPLICATE
1094,1,u,u,1,u,True,0.885878,False,0,False,MATCH_OR_OTHER
88,4,uuuu,u,4,u,True,0.603069,False,0,False,MATCH_OR_OTHER
208,3,uuu,u,3,u,True,0.775076,False,1,False,MATCH_OR_OTHER
832,2,ud,d,1,d,False,-,False,0,False,MATCH_OR_OTHER
642,7,uuuuuud,d,6,d,False,-,False,1,False,MATCH_OR_OTHER
829,4,uuuu,u,4,u,True,0.110270,True,1,True,DUPLICATE
466,3,uuu,u,3,u,True,0.344982,False,0,False,MATCH_OR_OTHER
949,2,ud,d,1,d,False,-,False,0,False,MATCH_OR_OTHER
537,3,uuu,u,3,u,True,0.356419,False,0,False,MATCH_OR_OTHER
1232,11,cuuuuuuuudc,c,10,c,True,0.906834,False,4,False,MATCH_OR_OTHER
800,1,u,u,1,u,True,0.406943,False,0,False,MATCH_OR_OTHER
294,4,uuuu,u,4,u,True,0.173348,True,3,True,DUPLICATE
601,5,uuuuu,u,5,u,True,0.715620,False,1,False,MATCH_OR_OTHER
1066,1,u,u,1,u,True,0.962409,False,0,False,MATCH_OR_OTHER
584,6,uuuuuu,u,6,u,True,0.757204,False,1,False,MATCH_OR_OTHER
698,4,uuuu,u,4,u,True,0.530486,False,2,False,MATCH_OR_OTHER
1169,3,uud,d,2,d,False,-,False,1,False,MATCH_OR_OTHER
521,2,uu,u,2,u,True,0.931286,False,0,False,MATCH_OR_OTHER
103,4,uuuu,u,4,u,True,0.128993,True,1,True,DUPLICATE
1067,2,uu,u,2,u,True,0.301336,False,0,False,MATCH_OR_OTHER
518,3,uuu,u,3,u,True,0.392278,False,1,False,MATCH_OR_OTHER
757,9,uuuuuuuuu,u,9,u,True,0.241550,True,3,True,DUPLICATE
239,2,uu,u,2,u,True,0.230756,True,1,True,DUPLICATE
1087,1,u,u,1,u,True,0.082092,True,1,True,DUPLICATE
1039,2,uu,u,2,u,True,0.761972,False,1,False,MATCH_OR_OTHER
1207,9,cuuuuuuuu,u,9,u,True,0.639598,False,2,False,MATCH_OR_OTHER
787,5,uuuuu,u,5,u,True,0.183518,True,2,True,DUPLICATE
858,8,uuuuuudc,c,7,c,True,0.150358,True,3,True,DUPLICATE
479,7,uuuuuuu,u,7,u,True,0.436038,False,3,False,MATCH_OR_OTHER
292,1,u,u,1,u,True,0.930874,False,0,False,MATCH_OR_OTHER
920,6,uuuuuu,u,6,u,True,0.347405,False,2,False,MATCH_OR_OTHER
565,3,uud,d,2,d,False,-,False,1,False,MATCH_OR_OTHER
447,6,uuuuud,d,5,d,False,-,False,0,False,MATCH_OR_OTHER
1130,3,udc,c,2,c,True,0.305686,False,0,False,MATCH_OR_OTHER
711,1,u,u,1,u,True,0.011427,True,1,True,DUPLICATE
661,3,uuu,u,3,u,True,0.421327,False,2,False,MATCH_OR_OTHER
736,5,uuuud,d,4,d,False,-,False,1,False,MATCH_OR_OTHER
925,4,uuuu,u,4,u,True,0.361308,False,1,False,MATCH_OR_OTHER
462,2,uu,u,2,u,True,0.747828,False,0,False,MATCH_OR_OTHER
1259,11,cuuuuuuuuuu,u,11,u,True,0.182364,True,4,True,DUPLICATE
1254,6,cuuuud,d,5,d,False,-,False,0,False,MATCH_OR_OTHER
67,3,uud,d,2,d,False,-,False,0,False,MATCH_OR_OTHER
1217,2,cu,u,2,u,True,0.156964,True,1,True,DUPLICATE
586,3,uud,d,2,d,False,-,False,0,False,MATCH_OR_OTHER
746,1,u,u,1,u,True,0.349768,False,0,False,MATCH_OR_OTHER
608,7,uuuuuuu,u,7,u,True,0.373626,False,1,False,MATCH_OR_OTHER
312,1,u,u,1,u,True,0.049820,True,1,True,DUPLICATE
842,4,uuuu,u,4,u,True,0.358242,False,0,False,MATCH_OR_OTHER
913,5,uuuuu,u,5,u,True,0.398353,False,1,False,MATCH_OR_OTHER
29,5,uuuud,d,4,d,False,-,False,1,False,MATCH_OR_OTHER
697,3,uud,d,2,d,False,-,False,1,False,MATCH_OR_OTHER
342,1,u,u,1,u,True,0.337383,False,0,False,MATCH_OR_OTHER
1011,3,uud,d,2,d,False,-,False,0,False,MATCH_OR_OTHER
1197,6,uuuuuu,u,6,u,True,0.222225,True,2,True,DUPLICATE
1153,1,u,u,1,u,True,0.764882,False,0,False,MATCH_OR_OTHER
42,3,uuu,u,3,u,True,0.018889,True,1,True,DUPLICATE
701,6,uuuuuu,u,6,u,True,0.606588,False,0,False,MATCH_OR_OTHER
59,3,uuu,u,3,u,True,0.147189,True,2,True,DUPLICATE
81,1,u,u,1,u,True,0.041905,True,1,True,DUPLICATE
669,2,uu,u,2,u,True,0.826988,False,0,False,MATCH_OR_OTHER
888,2,uu,u,2,u,True,0.688247,False,0,False,MATCH_OR_OTHER
7,4,uuuu,u,4,u,True,0.568726,False,0,False,MATCH_OR_OTHER
932,1,u,u,1,u,True,0.867077,False,0,False,MATCH_OR_OTHER
37,3,uuu,u,3,u,True,0.034703,True,2,True,DUPLICATE
886,8,uuuuuuuu,u,8,u,True,0.921819,False,4,False,MATCH_OR_OTHER
87,3,uud,d,2,d,False,-,False,0,False,MATCH_OR_OTHER
452,4,uuuu,u,4,u,True,0.848731,False,0,False,MATCH_OR_OTHER
1121,1,u,u,1,u,True,0.958653,False,0,False,MATCH_OR_OTHER
125,6,uuuuud,d,5,d,False,-,False,0,False,MATCH_OR_OTHER
815,8,uuuuuuuu,u,8,u,True,0.554239,False,2,False,MATCH_OR_OTHER
581,4,uuuu,u,4,u,True,0.523817,False,0,False,MATCH_OR_OTHER
1028,3,uuu,u,3,u,True,0.943706,False,0,False,MATCH_OR_OTHER
912,2,uu,u,2,u,True,0.368058,False,0,False,MATCH_OR_OTHER
868,2,uu,u,2,u,True,0.382779,False,0,False,MATCH_OR_OTHER
680,3,uuu,u,3,u,True,0.773730,False,1,False,MATCH_OR_OTHER
1065,3,uuu,u,3,u,True,0.479074,False,2,False,MATCH_OR_OTHER
136,5,uuudc,c,4,c,True,0.852418,False,0,False,MATCH_OR_OTHER
1239,3,cuu,u,3,u,True,0.398020,False,1,False,MATCH_OR_OTHER
677,1,u,u,1,u,True,0.644761,False,0,False,MATCH_OR_OTHER
76,6,uuuuud,d,5,d,False,-,False,0,False,MATCH_OR_OTHER
231,3,uuu,u,3,u,True,0.068260,True,2,True,DUPLICATE
995,4,uuuu,u,4,u,True,0.390477,False,1,False,MATCH_OR_OTHER
221,3,uud,d,2,d,False,-,False,0,False,MATCH_OR_OTHER
359,5,uuuuu,u,5,u,True,0.012835,True,3,True,DUPLICATE
703,1,u,u,1,u,True,0.310690,False,0,False,MATCH_OR_OTHER
940,2,uu,u,2,u,True,0.663827,False,1,False,MATCH_OR_OTHER
643,1,u,u,1,u,True,0.689761,False,0,False,MATCH_OR_OTHER
1180,2,uu,u,2,u,True,0.405780,False,1,False,MATCH_OR_OTHER
500,4,uuud,d,3,d,False,-,False,1,False,MATCH_OR_OTHER
773,4,uuuu,u,4,u,True,0.056458,True,2,True,DUPLICATE
226,8,uuuuuuuu,u,8,u,True,0.518307,False,2,False,MATCH_OR_OTHER
453,7,uuuuuuu,u,7,u,True,0.353028,False,2,False,MATCH_OR_OTHER
557,2,uu,u,2,u,True,0.805222,False,0,False,MATCH_OR_OTHER
906,4,uuuu,u,4,u,True,0.250891,True,2,True,DUPLICATE
1184,9,uuuuuuuuu,u,9,u,True,0.639503,False,1,False,MATCH_OR_OTHER
332,11,uuuuuuuuuuu,u,11,u,True,0.272355,True,7,True,DUPLICATE
457,2,uu,u,2,u,True,0.971971,False,0,False,MATCH_OR_OTHER
876,1,u,u,1,u,True,0.661958,False,0,False,MATCH_OR_OTHER
72,1,u,u,1,u,True,0.069744,True,1,True,DUPLICATE
550,1,u,u,1,u,True,0.673725,False,0,False,MATCH_OR_OTHER
561,6,uuuuuu,u,6,u,True,0.452915,False,2,False,MATCH_OR_OTHER
1091,3,uuu,u,3,u,True,0.406972,False,1,False,MATCH_OR_OTHER
157,4,uuuu,u,4,u,True,0.718377,False,0,False,MATCH_OR_OTHER
187,3,uuu,u,3,u,True,0.511654,False,1,False,MATCH_OR_OTHER
428,3,udc,c,2,c,True,0.959321,False,0,False,MATCH_OR_OTHER
465,4,uuud,d,3,d,False,-,False,0,False,MATCH_OR_OTHER
417,4,uuuu,u,4,u,True,0.791556,False,0,False,MATCH_OR_OTHER
375,1,u,u,1,u,True,0.348909,False,0,False,MATCH_OR_OTHER
635,2,uu,u,2,u,True,0.442055,False,1,False,MATCH_OR_OTHER
164,8,uuuuuuuu,u,8,u,True,0.954514,False,2,False,MATCH_OR_OTHER
385,1,u,u,1,u,True,0.265143,True,1,True,DUPLICATE
979,2,ud,d,1,d,False,-,False,0,False,MATCH_OR_OTHER
1048,4,uuuu,u,4,u,True,0.818375,False,2,False,MATCH_OR_OTHER
30,7,uuuuuuu,u,7,u,True,0.656390,False,3,False,MATCH_OR_OTHER
1251,3,cuu,u,3,u,True,0.714844,False,0,False,MATCH_OR_OTHER
1216,2,cu,u,2,u,True,0.610734,False,0,False,MATCH_OR_OTHER
529,5,uuuuu,u,5,u,True,0.216546,True,1,True,DUPLICATE
433,3,uud,d,2,d,False,-,False,0,False,MATCH_OR_OTHER
799,7,uuuuuuu,u,7,u,True,0.933357,False,2,False,MATCH_OR_OTHER
1147,1,u,u,1,u,True,0.792780,False,0,False,MATCH_OR_OTHER
882,6,uuuuud,d,5,d,False,-,False,3,False,MATCH_OR_OTHER
670,3,uud,d,2,d,False,-,False,1,False,MATCH_OR_OTHER
917,6,uuuuuu,u,6,u,True,0.973301,False,0,False,MATCH_OR_OTHER
1113,3,uuu,u,3,u,True,0.053506,True,1,True,DUPLICATE
721,3,uud,d,2,d,False,-,False,0,False,MATCH_OR_OTHER
717,6,uuuuuu,u,6,u,True,0.265023,True,2,True,DUPLICATE
513,1,u,u,1,u,True,0.937459,False,0,False,MATCH_OR_OTHER
1051,3,uuu,u,3,u,True,0.803477,False,1,False,MATCH_OR_OTHER
320,3,uuu,u,3,u,True,0.777539,False,1,False,MATCH_OR_OTHER
272,5,uuuuu,u,5,u,True,0.285581,True,3,True,DUPLICATE
840,1,u,u,1,u,True,0.287468,True,1,True,DUPLICATE
77,1,u,u,1,u,True,0.653989,False,0,False,MATCH_OR_OTHER
985,2,uu,u,2,u,True,0.023089,True,1,True,DUPLICATE
881,8,uuuuuuuu,u,8,u,True,0.144220,True,2,True,DUPLICATE
515,3,uuu,u,3,u,True,0.676465,False,1,False,MATCH_OR_OTHER
475,3,uuu,u,3,u,True,0.608468,False,0,False,MATCH_OR_OTHER
585,4,uuuu,u,4,u,True,0.706786,False,1,False,MATCH_OR_OTHER
460,2,uu,u,2,u,True,0.396078,False,0,False,MATCH_OR_OTHER
981,1,u,u,1,u,True,0.404335,False,0,False,MATCH_OR_OTHER
1224,2,cu,u,2,u,True,0.732265,False,0,False,MATCH_OR_OTHER
116,7,uuuuuuu,u,7,u,True,0.110902,True,4,True,DUPLICATE
959,1,u,u,1,u,True,0.766350,False,0,False,MATCH_OR_OTHER
553,1,u,u,1,u,True,0.478661,False,0,False,MATCH_OR_OTHER
393,3,uuu,u,3,u,True,0.788095,False,0,False,MATCH_OR_OTHER
776,7,uuuuuuu,u,7,u,True,0.195621,True,3,True,DUPLICATE
774,1,u,u,1,u,True,0.018568,True,1,True,DUPLICATE
211,9,uuuuuuuuu,u,9,u,True,0.659540,False,2,False,MATCH_OR_OTHER
138,1,u,u,1,u,True,0.546380,False,0,False,MATCH_OR_OTHER
374,3,uuu,u,3,u,True,0.497244,False,0,False,MATCH_OR_OTHER
249,3,uud,d,2,d,False,-,False,1,False,MATCH_OR_OTHER
571,1,u,u,1,u,True,0.306612,False,0,False,MATCH_OR_OTHER
463,2,ud,d,1,d,False,-,False,1,False,MATCH_OR_OTHER
854,5,uuuud,d,4,d,False,-,False,2,False,MATCH_OR_OTHER
1026,3,uud,d,2,d,False,-,False,2,False,MATCH_OR_OTHER
207,1,u,u,1,u,True,0.105936,True,1,True,DUPLICATE
1058,2,uu,u,2,u,True,0.606379,False,0,False,MATCH_OR_OTHER
593,7,uuuuudc,c,6,c,True,0.497851,False,1,False,MATCH_OR_OTHER
735,3,uuu,u,3,u,True,0.438205,False,1,False,MATCH_OR_OTHER
877,3,uud,d,2,d,False,-,False,0,False,MATCH_OR_OTHER
177,4,uuuu,u,4,u,True,0.359556,False,2,False,MATCH_OR_OTHER
867,4,uuuu,u,4,u,True,0.736091,False,3,False,MATCH_OR_OTHER
441,2,ud,d,1,d,False,-,False,1,False,MATCH_OR_OTHER
215,1,u,u,1,u,True,0.878201,False,0,False,MATCH_OR_OTHER
1145,1,u,u,1,u,True,0.205312,True,1,True,DUPLICATE
1167,3,uuu,u,3,u,True,0.169778,True,2,True,DUPLICATE
90,6,uuuuuu,u,6,u,True,0.065179,True,6,True,DUPLICATE
812,3,uuu,u,3,u,True,0.740753,False,0,False,MATCH_OR_OTHER
704,4,uuuu,u,4,u,True,0.239481,True,2,True,DUPLICATE
763,2,ud,d,1,d,False,-,False,0,False,MATCH_OR_OTHER
540,3,uuu,u,3,u,True,0.635065,False,0,False,MATCH_OR_OTHER
317,3,uuu,u,3,u,True,0.345949,False,0,False,MATCH_OR_OTHER
607,3,uuu,u,3,u,True,0.509540,False,1,False,MATCH_OR_OTHER
173,4,uuuu,u,4,u,True,0.281795,True,3,True,DUPLICATE
960,6,uuuuuu,u,6,u,True,0.516548,False,0,False,MATCH_OR_OTHER
865,5,uuuuu,u,5,u,True,0.572655,False,1,False,MATCH_OR_OTHER
133,2,uu,u,2,u,True,0.226478,True,1,True,DUPLICATE
445,3,uuu,u,3,u,True,0.853538,False,1,False,MATCH_OR_OTHER
1143,2,ud,d,1,d,False,-,False,0,False,MATCH_OR_OTHER
1019,3,uuu,u,3,u,True,0.137129,True,1,True,DUPLICATE
251,1,u,u,1,u,True,0.803711,False,0,False,MATCH_OR_OTHER
420,3,uuu,u,3,u,True,0.414081,False,1,False,MATCH_OR_OTHER
713,3,uuu,u,3,u,True,0.348751,False,1,False,MATCH_OR_OTHER
250,4,uuuu,u,4,u,True,0.565041,False,0,False,MATCH_OR_OTHER
183,2,uu,u,2,u,True,0.705751,False,1,False,MATCH_OR_OTHER
1037,4,uuud,d,3,d,False,-,False,0,False,MATCH_OR_OTHER
386,1,u,u,1,u,True,0.504832,False,0,False,MATCH_OR_OTHER
604,1,u,u,1,u,True,0.150136,True,1,True,DUPLICATE
324,2,ud,d,1,d,False,-,False,1,False,MATCH_OR_OTHER
146,1,u,u,1,u,True,0.497616,False,0,False,MATCH_OR_OTHER
482,2,uu,u,2,u,True,0.356912,False,0,False,MATCH_OR_OTHER
313,2,ud,d,1,d,False,-,False,0,False,MATCH_OR_OTHER
189,2,uu,u,2,u,True,0.321031,False,0,False,MATCH_OR_OTHER
265,1,u,u,1,u,True,0.660005,False,0,False,MATCH_OR_OTHER
944,3,uuu,u,3,u,True,0.046965,True,1,True,DUPLICATE
437,2,uu,u,2,u,True,0.545583,False,1,False,MATCH_OR_OTHER
957,1,u,u,1,u,True,0.136546,True,1,True,DUPLICATE
574,7,uuuuuuu,u,7,u,True,0.120398,True,2,True,DUPLICATE
923,2,uu,u,2,u,True,0.902666,False,0,False,MATCH_OR_OTHER
675,4,uuuu,u,4,u,True,0.006937,True,2,True,DUPLICATE
1004,1,u,u,1,u,True,0.372151,False,0,False,MATCH_OR_OTHER
1101,3,uuu,u,3,u,True,0.532402,False,0,False,MATCH_OR_OTHER
1136,6,uuuuuu,u,6,u,True,0.214303,True,1,True,DUPLICATE
1141,2,ud,d,1,d,False,-,False,0,False,MATCH_OR_OTHER
737,9,uuuuuuuuu,u,9,u,True,0.131574,True,3,True,DUPLICATE
805,3,udc,c,2,c,True,0.410193,False,0,False,MATCH_OR_OTHER
856,4,uuud,d,3,d,False,-,False,2,False,MATCH_OR_OTHER
1044,2,ud,d,1,d,False,-,False,1,False,MATCH_OR_OTHER
276,1,u,u,1,u,True,0.883439,False,0,False,MATCH_OR_OTHER
905,3,uuu,u,3,u,True,0.529305,False,1,False,MATCH_OR_OTHER
532,1,u,u,1,u,True,0.960967,False,0,False,MATCH_OR_OTHER
141,2,uu,u,2,u,True,0.662262,False,0,False,MATCH_OR_OTHER
474,2,uu,u,2,u,True,0.515443,False,1,False,MATCH_OR_OTHER
306,2,uu,u,2,u,True,0.164035,True,1,True,DUPLICATE
203,1,u,u,1,u,True,0.898454,False,0,False,MATCH_OR_OTHER
1003,3,uuu,u,3,u,True,0.861298,False,1,False,MATCH_OR_OTHER
254,1,u,u,1,u,True,0.838883,False,0,False,MATCH_OR_OTHER
38,1,u,u,1,u,True,0.976134,False,0,False,MATCH_OR_OTHER
406,1,u,u,1,u,True,0.962729,False,0,False,MATCH_OR_OTHER
744,3,uuu,u,3,u,True,0.482223,False,0,False,MATCH_OR_OTHER
933,1,u,u,1,u,True,0.331067,False,0,False,MATCH_OR_OTHER
937,2,uu,u,2,u,True,0.795374,False,0,False,MATCH_OR_OTHER
455,5,uuuuu,u,5,u,True,0.395719,False,1,False,MATCH_OR_OTHER
137,4,uuuu,u,4,u,True,0.583914,False,1,False,MATCH_OR_OTHER
534,2,uu,u,2,u,True,0.232190,True,1,True,DUPLICATE
280,2,uu,u,2,u,True,0.354529,False,0,False,MATCH_OR_OTHER
1027,3,uuu,u,3,u,True,0.271211,True,1,True,DUPLICATE
1190,2,ud,d,1,d,False,-,False,1,False,MATCH_OR_OTHER
259,3,uuu,u,3,u,True,0.938264,False,0,False,MATCH_OR_OTHER
1171,5,uuuuu,u,5,u,True,0.150204,True,4,True,DUPLICATE
1199,1,u,u,1,u,True,0.760592,False,0,False,MATCH_OR_OTHER
1151,2,uu,u,2,u,True,0.905320,False,0,False,MATCH_OR_OTHER
821,2,uu,u,2,u,True,0.162454,True,1,True,DUPLICATE
891,3,uud,d,2,d,False,-,False,1,False,MATCH_OR_OTHER
1227,3,cuu,u,3,u,True,0.594219,False,2,False,MATCH_OR_OTHER
57,2,uu,u,2,u,True,0.192736,True,1,True,DUPLICATE
993,1,u,u,1,u,True,0.076269,True,1,True,DUPLICATE
498,1,u,u,1,u,True,0.859324,False,0,False,MATCH_OR_OTHER
903,6,uuuuuu,u,6,u,True,0.458766,False,2,False,MATCH_OR_OTHER
765,1,u,u,1,u,True,0.767836,False,0,False,MATCH_OR_OTHER
334,6,uuuuud,d,5,d,False,-,False,1,False,MATCH_OR_OTHER
384,3,uuu,u,3,u,True,0.733282,False,0,False,MATCH_OR_OTHER
264,4,uuuu,u,4,u,True,0.839758,False,1,False,MATCH_OR_OTHER
999,6,uuuuuu,u,6,u,True,0.011069,True,1,True,DUPLICATE
849,4,uuuu,u,4,u,True,0.806600,False,0,False,MATCH_OR_OTHER
1148,4,uuuu,u,4,u,True,0.668298,False,1,False,MATCH_OR_OTHER
296,3,uuu,u,3,u,True,0.761371,False,1,False,MATCH_OR_OTHER
1047,2,uu,u,2,u,True,0.620801,False,0,False,MATCH_OR_OTHER
48,2,uu,u,2,u,True,0.827071,False,0,False,MATCH_OR_OTHER
524,2,uu,u,2,u,True,0.419595,False,0,False,MATCH_OR_OTHER
659,1,u,u,1,u,True,0.597450,False,0,False,MATCH_OR_OTHER
353,2,ud,d,1,d,False,-,False,1,False,MATCH_OR_OTHER
1248,3,cuu,u,3,u,True,0.945709,False,1,False,MATCH_OR_OTHER
1107,1,u,u,1,u,True,0.654443,False,0,False,MATCH_OR_OTHER
1025,1,u,u,1,u,True,0.203490,True,1,True,DUPLICATE
404,2,uu,u,2,u,True,0.051654,True,2,True,DUPLICATE
8,3,uuu,u,3,u,True,0.189554,True,1,True,DUPLICATE
110,4,uuuu,u,4,u,True,0.316054,False,1,False,MATCH_OR_OTHER
1178,3,uud,d,2,d,False,-,False,0,False,MATCH_OR_OTHER
6,2,ud,d,1,d,False,-,False,1,False,MATCH_OR_OTHER
1154,3,uuu,u,3,u,True,0.771175,False,0,False,MATCH_OR_OTHER
86,3,uuu,u,3,u,True,0.811539,False,0,False,MATCH_OR_OTHER
480,3,uud,d,2,d,False,-,False,0,False,MATCH_OR_OTHER
47,2,uu,u,2,u,True,0.951125,False,0,False,MATCH_OR_OTHER
503,5,uuuuu,u,5,u,True,0.015061,True,2,True,DUPLICATE
977,2,uu,u,2,u,True,0.671335,False,0,False,MATCH_OR_OTHER
1194,2,uu,u,2,u,True,0.887019,False,1,False,MATCH_OR_OTHER
1192,1,u,u,1,u,True,0.247205,True,1,True,DUPLICATE
436,1,u,u,1,u,True,0.975513,False,0,False,MATCH_OR_OTHER
1255,3,cuu,u,3,u,True,0.966093,False,0,False,MATCH_OR_OTHER
591,2,uu,u,2,u,True,0.939196,False,1,False,MATCH_OR_OTHER
1173,2,uu,u,2,u,True,0.265144,True,1,True,DUPLICATE
458,3,uuu,u,3,u,True,0.357527,False,0,False,MATCH_OR_OTHER
240,1,u,u,1,u,True,0.570910,False,0,False,MATCH_OR_OTHER
681,1,u,u,1,u,True,0.035401,True,1,True,DUPLICATE
1095,1,u,u,1,u,True,0.669683,False,0,False,MATCH_OR_OTHER
1023,1,u,u,1,u,True,0.426410,False,0,False,MATCH_OR_OTHER
889,2,uu,u,2,u,True,0.754149,False,0,False,MATCH_OR_OTHER
1010,4,uuud,d,3,d,False,-,False,1,False,MATCH_OR_OTHER
869,2,uu,u,2,u,True,0.802495,False,1,False,MATCH_OR_OTHER
576,1,u,u,1,u,True,0.989991,False,0,False,MATCH_OR_OTHER
288,3,uuu,u,3,u,True,0.822939,False,1,False,MATCH_OR_OTHER
1191,1,u,u,1,u,True,0.590889,False,0,False,MATCH_OR_OTHER
899,7,uuuuuuu,u,7,u,True,0.958451,False,2,False,MATCH_OR_OTHER
300,3,uuu,u,3,u,True,0.033756,True,3,True,DUPLICATE
1081,2,uu,u,2,u,True,0.644883,False,0,False,MATCH_OR_OTHER
878,2,uu,u,2,u,True,0.205855,True,1,True,DUPLICATE
688,3,uuu,u,3,u,True,0.321839,False,1,False,MATCH_OR_OTHER
573,2,uu,u,2,u,True,0.843053,False,0,False,MATCH_OR_OTHER
598,2,uu,u,2,u,True,0.426583,False,1,False,MATCH_OR_OTHER
340,6,uuuuuu,u,6,u,True,0.229688,True,2,True,DUPLICATE
11,1,u,u,1,u,True,0.419208,False,0,False,MATCH_OR_OTHER
439,2,uu,u,2,u,True,0.289055,True,1,True,DUPLICATE
1096,2,uu,u,2,u,True,0.533365,False,1,False,MATCH_OR_OTHER
848,5,uuuuu,u,5,u,True,0.409900,False,3,False,MATCH_OR_OTHER
491,2,uu,u,2,u,True,0.546473,False,0,False,MATCH_OR_OTHER
188,1,u,u,1,u,True,0.018022,True,1,True,DUPLICATE
131,1,u,u,1,u,True,0.762466,False,0,False,MATCH_OR_OTHER
464,1,u,u,1,u,True,0.441160,False,0,False,MATCH_OR_OTHER
260,2,uu,u,2,u,True,0.900371,False,0,False,MATCH_OR_OTHER
994,1,u,u,1,u,True,0.350065,False,0,False,MATCH_OR_OTHER
726,4,uuuu,u,4,u,True,0.598153,False,1,False,MATCH_OR_OTHER
626,2,uu,u,2,u,True,0.935231,False,0,False,MATCH_OR_OTHER
210,1,u,u,1,u,True,0.206059,True,1,True,DUPLICATE
15,2,uu,u,2,u,True,0.259660,True,2,True,DUPLICATE
295,1,u,u,1,u,True,0.271601,True,1,True,DUPLICATE
572,2,ud,d,1,d,False,-,False,0,False,MATCH_OR_OTHER
414,1,u,u,1,u,True,0.967969,False,0,False,MATCH_OR_OTHER
673,5,uuuuu,u,5,u,True,0.939070,False,0,False,MATCH_OR_OTHER
514,4,uuuu,u,4,u,True,0.194846,True,3,True,DUPLICATE
194,2,uu,u,2,u,True,0.211568,True,1,True,DUPLICATE
956,3,uuu,u,3,u,True,0.853586,False,0,False,MATCH_OR_OTHER
139,2,uu,u,2,u,True,0.462804,False,1,False,MATCH_OR_OTHER
578,4,uuuu,u,4,u,True,0.706283,False,2,False,MATCH_OR_OTHER
752,1,u,u,1,u,True,0.571560,False,0,False,MATCH_OR_OTHER
508,1,u,u,1,u,True,0.755165,False,0,False,MATCH_OR_OTHER
609,1,u,u,1,u,True,0.755385,False,0,False,MATCH_OR_OTHER
810,3,udc,c,2,c,True,0.379758,False,0,False,MATCH_OR_OTHER
676,4,uuuu,u,4,u,True,0.455174,False,0,False,MATCH_OR_OTHER
376,1,u,u,1,u,True,0.238720,True,1,True,DUPLICATE
162,1,u,u,1,u,True,0.019596,True,1,True,DUPLICATE
1050,2,uu,u,2,u,True,0.141201,True,1,True,DUPLICATE
41,2,uu,u,2,u,True,0.585672,False,1,False,MATCH_OR_OTHER
739,1,u,u,1,u,True,0.084244,True,1,True,DUPLICATE
261,4,uuud,d,3,d,False,-,False,2,False,MATCH_OR_OTHER
1168,1,u,u,1,u,True,0.510382,False,0,False,MATCH_OR_OTHER
316,2,uu,u,2,u,True,0.535702,False,0,False,MATCH_OR_OTHER
1046,4,uuuu,u,4,u,True,0.391733,False,0,False,MATCH_OR_OTHER
533,1,u,u,1,u,True,0.197256,True,1,True,DUPLICATE
1196,3,uuu,u,3,u,True,0.028023,True,1,True,DUPLICATE
715,1,u,u,1,u,True,0.204034,True,1,True,DUPLICATE
95,2,uu,u,2,u,True,0.989872,False,1,False,MATCH_OR_OTHER
268,2,ud,d,1,d,False,-,False,1,False,MATCH_OR_OTHER
873,5,uuuuu,u,5,u,True,0.868854,False,1,False,MATCH_OR_OTHER
1013,3,uuu,u,3,u,True,0.647382,False,1,False,MATCH_OR_OTHER
580,2,uu,u,2,u,True,0.585181,False,0,False,MATCH_OR_OTHER
1093,4,uuuu,u,4,u,True,0.668592,False,2,False,MATCH_OR_OTHER
69,3,uuu,u,3,u,True,0.685417,False,0,False,MATCH_OR_OTHER
408,2,uu,u,2,u,True,0.823639,False,0,False,MATCH_OR_OTHER
835,1,u,u,1,u,True,0.935060,False,0,False,MATCH_OR_OTHER
449,3,uuu,u,3,u,True,0.958969,False,0,False,MATCH_OR_OTHER
943,2,uu,u,2,u,True,0.439149,False,0,False,MATCH_OR_OTHER
893,3,uuu,u,3,u,True,0.980436,False,1,False,MATCH_OR_OTHER
163,4,uuuu,u,4,u,True,0.033334,True,1,True,DUPLICATE
806,3,uuu,u,3,u,True,0.091950,True,2,True,DUPLICATE
535,1,u,u,1,u,True,0.165135,True,1,True,DUPLICATE
197,3,uuu,u,3,u,True,0.714566,False,0,False,MATCH_OR_OTHER
94,2,uu,u,2,u,True,0.138881,True,1,True,DUPLICATE
857,1,u,u,1,u,True,0.647706,False,0,False,MATCH_OR_OTHER
467,1,u,u,1,u,True,0.373669,False,0,False,MATCH_OR_OTHER
443,3,udc,c,2,c,True,0.753401,False,0,False,MATCH_OR_OTHER
111,2,uu,u,2,u,True,0.109271,True,1,True,DUPLICATE
388,2,uu,u,2,u,True,0.751950,False,1,False,MATCH_OR_OTHER
560,2,uu,u,2,u,True,0.060616,True,2,True,DUPLICATE
822,1,u,u,1,u,True,0.340978,False,0,False,MATCH_OR_OTHER
978,2,uu,u,2,u,True,0.019960,True,1,True,DUPLICATE
495,1,u,u,1,u,True,0.397414,False,0,False,MATCH_OR_OTHER
674,2,uu,u,2,u,True,0.027736,True,1,True,DUPLICATE
348,2,uu,u,2,u,True,0.524435,False,0,False,MATCH_OR_OTHER
631,1,u,u,1,u,True,0.379439,False,0,False,MATCH_OR_OTHER
161,2,uu,u,2,u,True,0.617934,False,0,False,MATCH_OR_OTHER
286,2,uu,u,2,u,True,0.072433,True,2,True,DUPLICATE
685,2,uu,u,2,u,True,0.323913,False,0,False,MATCH_OR_OTHER
497,2,ud,d,1,d,False,-,False,0,False,MATCH_OR_OTHER
950,1,u,u,1,u,True,0.491335,False,0,False,MATCH_OR_OTHER
483,1,u,u,1,u,True,0.031025,True,1,True,DUPLICATE
431,2,ud,d,1,d,False,-,False,0,False,MATCH_OR_OTHER
269,4,uuuu,u,4,u,True,0.653821,False,3,False,MATCH_OR_OTHER
1177,1,u,u,1,u,True,0.350776,False,0,False,MATCH_OR_OTHER
274,2,uu,u,2,u,True,0.853452,False,0,False,MATCH_OR_OTHER
942,2,uu,u,2,u,True,0.624864,False,1,False,MATCH_OR_OTHER
281,2,uu,u,2,u,True,0.595147,False,0,False,MATCH_OR_OTHER
667,2,uu,u,2,u,True,0.298364,True,1,True,DUPLICATE
156,3,uuu,u,3,u,True,0.188983,True,1,True,DUPLICATE
769,1,u,u,1,u,True,0.408492,False,0,False,MATCH_OR_OTHER
421,2,ud,d,1,d,False,-,False,0,False,MATCH_OR_OTHER
450,2,ud,d,1,d,False,-,False,0,False,MATCH_OR_OTHER
360,3,uuu,u,3,u,True,0.353012,False,0,False,MATCH_OR_OTHER
630,2,uu,u,2,u,True,0.679865,False,0,False,MATCH_OR_OTHER
754,1,u,u,1,u,True,0.143717,True,1,True,DUPLICATE
182,1,u,u,1,u,True,0.032197,True,1,True,DUPLICATE
387,1,u,u,1,u,True,0.263679,True,1,True,DUPLICATE
1055,2,uu,u,2,u,True,0.147080,True,1,True,DUPLICATE
1138,1,u,u,1,u,True,0.197736,True,1,True,DUPLICATE
85,2,uu,u,2,u,True,0.279783,True,1,True,DUPLICATE
344,3,uuu,u,3,u,True,0.856432,False,1,False,MATCH_OR_OTHER
70,1,u,u,1,u,True,0.879053,False,0,False,MATCH_OR_OTHER
554,1,u,u,1,u,True,0.034939,True,1,True,DUPLICATE
1159,1,u,u,1,u,True,0.868610,False,0,False,MATCH_OR_OTHER
679,1,u,u,1,u,True,0.759782,False,0,False,MATCH_OR_OTHER
998,1,u,u,1,u,True,0.192681,True,1,True,DUPLICATE
862,3,uuu,u,3,u,True,0.219716,True,2,True,DUPLICATE
875,2,uu,u,2,u,True,0.501777,False,0,False,MATCH_OR_OTHER
287,1,u,u,1,u,True,0.391694,False,0,False,MATCH_OR_OTHER
1000,1,u,u,1,u,True,0.689658,False,0,False,MATCH_OR_OTHER
217,2,uu,u,2,u,True,0.348931,False,0,False,MATCH_OR_OTHER
924,1,u,u,1,u,True,0.961167,False,0,False,MATCH_OR_OTHER
346,4,uuuu,u,4,u,True,0.294214,True,1,True,DUPLICATE
872,1,u,u,1,u,True,0.000574,True,1,True,DUPLICATE
996,1,u,u,1,u,True,0.952401,False,0,False,MATCH_OR_OTHER
327,1,u,u,1,u,True,0.925107,False,0,False,MATCH_OR_OTHER
1038,1,u,u,1,u,True,0.487664,False,0,False,MATCH_OR_OTHER
632,2,uu,u,2,u,True,0.550575,False,0,False,MATCH_OR_OTHER
753,2,ud,d,1,d,False,-,False,1,False,MATCH_OR_OTHER
84,1,u,u,1,u,True,0.226600,True,1,True,DUPLICATE
176,1,u,u,1,u,True,0.773818,False,0,False,MATCH_OR_OTHER
213,1,u,u,1,u,True,0.299608,True,1,True,DUPLICATE
216,1,u,u,1,u,True,0.115758,True,1,True,DUPLICATE
257,1,u,u,1,u,True,0.399454,False,0,False,MATCH_OR_OTHER
152,2,uu,u,2,u,True,0.663312,False,0,False,MATCH_OR_OTHER
894,2,uu,u,2,u,True,0.095899,True,2,True,DUPLICATE
919,1,u,u,1,u,True,0.617292,False,0,False,MATCH_OR_OTHER
338,1,u,u,1,u,True,0.487131,False,0,False,MATCH_OR_OTHER
35,1,u,u,1,u,True,0.857003,False,0,False,MATCH_OR_OTHER
134,1,u,u,1,u,True,0.179126,True,1,True,DUPLICATE
1195,4,uuud,d,3,d,False,-,False,1,False,MATCH_OR_OTHER
1149,1,u,u,1,u,True,0.707004,False,0,False,MATCH_OR_OTHER
160,1,u,u,1,u,True,0.311102,False,0,False,MATCH_OR_OTHER
232,2,uu,u,2,u,True,0.723774,False,0,False,MATCH_OR_OTHER
1144,1,u,u,1,u,True,0.571568,False,0,False,MATCH_OR_OTHER
683,1,u,u,1,u,True,0.747586,False,0,False,MATCH_OR_OTHER
916,1,u,u,1,u,True,0.423445,False,0,False,MATCH_OR_OTHER
796,1,u,u,1,u,True,0.747984,False,0,False,MATCH_OR_OTHER
747,2,uu,u,2,u,True,0.868182,False,1,False,MATCH_OR_OTHER
1258,3,cuu,u,3,u,True,0.660290,False,1,False,MATCH_OR_OTHER
368,2,uu,u,2,u,True,0.202557,True,2,True,DUPLICATE
751,2,ud,d,1,d,False,-,False,0,False,MATCH_OR_OTHER
656,1,u,u,1,u,True,0.791779,False,0,False,MATCH_OR_OTHER
511,1,u,u,1,u,True,0.338384,False,0,False,MATCH_OR_OTHER
363,1,u,u,1,u,True,0.005731,True,1,True,DUPLICATE
761,1,u,u,1,u,True,0.883571,False,0,False,MATCH_OR_OTHER
411,1,u,u,1,u,True,0.501105,False,0,False,MATCH_OR_OTHER
302,1,u,u,1,u,True,0.321180,False,0,False,MATCH_OR_OTHER
705,1,u,u,1,u,True,0.403539,False,0,False,MATCH_OR_OTHER
1021,3,uuu,u,3,u,True,0.972276,False,1,False,MATCH_OR_OTHER
1105,1,u,u,1,u,True,0.949383,False,0,False,MATCH_OR_OTHER
665,1,u,u,1,u,True,0.230077,True,1,True,DUPLICATE
966,3,uuu,u,3,u,True,0.589673,False,1,False,MATCH_OR_OTHER
180,1,u,u,1,u,True,0.718180,False,0,False,MATCH_OR_OTHER
1012,3,uuu,u,3,u,True,0.756508,False,1,False,MATCH_OR_OTHER
691,1,u,u,1,u,True,0.979404,False,0,False,MATCH_OR_OTHER
309,2,uu,u,2,u,True,0.824378,False,0,False,MATCH_OR_OTHER
1125,1,u,u,1,u,True,0.312456,False,0,False,MATCH_OR_OTHER
209,2,uu,u,2,u,True,0.629056,False,0,False,MATCH_OR_OTHER
104,1,u,u,1,u,True,0.172436,True,1,True,DUPLICATE
961,1,u,u,1,u,True,0.337199,False,0,False,MATCH_OR_OTHER
122,1,u,u,1,u,True,0.951024,False,0,False,MATCH_OR_OTHER
666,1,u,u,1,u,True,0.142335,True,1,True,DUPLICATE
1160,1,u,u,1,u,True,0.140488,True,1,True,DUPLICATE
330,1,u,u,1,u,True,0.007967,True,1,True,DUPLICATE
846,1,u,u,1,u,True,0.600390,False,0,False,MATCH_OR_OTHER
52,1,u,u,1,u,True,0.878113,False,0,False,MATCH_OR_OTHER
119,1,u,u,1,u,True,0.762970,False,0,False,MATCH_OR_OTHER
749,1,u,u,1,u,True,0.061125,True,1,True,DUPLICATE
562,1,u,u,1,u,True,0.018005,True,1,True,DUPLICATE
1133,2,ud,d,1,d,False,-,False,1,False,MATCH_OR_OTHER
117,3,uud,d,2,d,False,-,False,1,False,MATCH_OR_OTHER
1214,2,cu,u,2,u,True,0.830469,False,0,False,MATCH_OR_OTHER
1185,1,u,u,1,u,True,0.896206,False,0,False,MATCH_OR_OTHER
71,1,u,u,1,u,True,0.652824,False,0,False,MATCH_OR_OTHER
1085,1,u,u,1,u,True,0.474401,False,0,False,MATCH_OR_OTHER
149,1,u,u,1,u,True,0.983765,False,0,False,MATCH_OR_OTHER
1053,1,u,u,1,u,True,0.570442,False,0,False,MATCH_OR_OTHER
918,2,ud,d,1,d,False,-,False,1,False,MATCH_OR_OTHER
382,1,u,u,1,u,True,0.121139,True,1,True,DUPLICATE
952,1,u,u,1,u,True,0.796762,False,0,False,MATCH_OR_OTHER
695,1,u,u,1,u,True,0.202368,True,1,True,DUPLICATE
200,1,u,u,1,u,True,0.121863,True,1,True,DUPLICATE
896,1,u,u,1,u,True,0.518319,False,0,False,MATCH_OR_OTHER
253,1,u,u,1,u,True,0.364550,False,0,False,MATCH_OR_OTHER
504,1,u,u,1,u,True,0.330220,False,0,False,MATCH_OR_OTHER
762,1,u,u,1,u,True,0.632041,False,0,False,MATCH_OR_OTHER
204,1,u,u,1,u,True,0.043200,True,1,True,DUPLICATE
543,1,u,u,1,u,True,0.828634,False,0,False,MATCH_OR_OTHER
531,1,u,u,1,u,True,0.124562,True,1,True,DUPLICATE
